Hidden Layers,Units per Layer,Activation,Learning Rate,Batch Size,Epochs,Accuracy
1,32,relu,0.001,16,10,0.8744292237442922
1,32,relu,0.001,16,30,0.9098173515981736
1,32,relu,0.001,16,50,0.9041095890410958
1,32,relu,0.001,16,70,0.928082191780822
1,32,relu,0.001,32,10,0.8641552511415526
1,32,relu,0.001,32,30,0.9052511415525114
1,32,relu,0.001,32,50,0.8926940639269406
1,32,relu,0.001,32,70,0.9029680365296804
1,32,relu,0.001,64,10,0.728310502283105
1,32,relu,0.001,64,30,0.889269406392694
1,32,relu,0.001,64,50,0.91324200913242
1,32,relu,0.001,64,70,0.9052511415525114
1,32,relu,0.01,16,10,0.8949771689497716
1,32,relu,0.01,16,30,0.9029680365296804
1,32,relu,0.01,16,50,0.9178082191780822
1,32,relu,0.01,16,70,0.9212328767123288
1,32,relu,0.01,32,10,0.8801369863013698
1,32,relu,0.01,32,30,0.9246575342465754
1,32,relu,0.01,32,50,0.9178082191780822
1,32,relu,0.01,32,70,0.9235159817351598
1,32,relu,0.01,64,10,0.9098173515981736
1,32,relu,0.01,64,30,0.9166666666666666
1,32,relu,0.01,64,50,0.9189497716894978
1,32,relu,0.01,64,70,0.9223744292237442
1,32,relu,0.1,16,10,0.860730593607306
1,32,relu,0.1,16,30,0.8995433789954338
1,32,relu,0.1,16,50,0.884703196347032
1,32,relu,0.1,16,70,0.8995433789954338
1,32,relu,0.1,32,10,0.8401826484018264
1,32,relu,0.1,32,30,0.9052511415525114
1,32,relu,0.1,32,50,0.9029680365296804
1,32,relu,0.1,32,70,0.889269406392694
1,32,relu,0.1,64,10,0.8687214611872146
1,32,relu,0.1,64,30,0.889269406392694
1,32,relu,0.1,64,50,0.8778538812785388
1,32,relu,0.1,64,70,0.8949771689497716
1,32,sigmoid,0.001,16,10,0.567351598173516
1,32,sigmoid,0.001,16,30,0.7248858447488584
1,32,sigmoid,0.001,16,50,0.7614155251141552
1,32,sigmoid,0.001,16,70,0.747716894977169
1,32,sigmoid,0.001,32,10,0.5079908675799086
1,32,sigmoid,0.001,32,30,0.6792237442922374
1,32,sigmoid,0.001,32,50,0.7317351598173516
1,32,sigmoid,0.001,32,70,0.7785388127853882
1,32,sigmoid,0.001,64,10,0.4497716894977169
1,32,sigmoid,0.001,64,30,0.5730593607305936
1,32,sigmoid,0.001,64,50,0.7077625570776256
1,32,sigmoid,0.001,64,70,0.7271689497716894
1,32,sigmoid,0.01,16,10,0.7226027397260274
1,32,sigmoid,0.01,16,30,0.7248858447488584
1,32,sigmoid,0.01,16,50,0.7442922374429224
1,32,sigmoid,0.01,16,70,0.7123287671232876
1,32,sigmoid,0.01,32,10,0.7294520547945206
1,32,sigmoid,0.01,32,30,0.7397260273972602
1,32,sigmoid,0.01,32,50,0.7191780821917808
1,32,sigmoid,0.01,32,70,0.7374429223744292
1,32,sigmoid,0.01,64,10,0.7248858447488584
1,32,sigmoid,0.01,64,30,0.7385844748858448
1,32,sigmoid,0.01,64,50,0.7671232876712328
1,32,sigmoid,0.01,64,70,0.7420091324200914
1,32,sigmoid,0.1,16,10,0.5273972602739726
1,32,sigmoid,0.1,16,30,0.6015981735159818
1,32,sigmoid,0.1,16,50,0.6232876712328768
1,32,sigmoid,0.1,16,70,0.6449771689497716
1,32,sigmoid,0.1,32,10,0.6187214611872146
1,32,sigmoid,0.1,32,30,0.6449771689497716
1,32,sigmoid,0.1,32,50,0.6529680365296804
1,32,sigmoid,0.1,32,70,0.6506849315068494
1,32,sigmoid,0.1,64,10,0.6015981735159818
1,32,sigmoid,0.1,64,30,0.6689497716894978
1,32,sigmoid,0.1,64,50,0.6598173515981736
1,32,sigmoid,0.1,64,70,0.6506849315068494
1,32,tanh,0.001,16,10,0.6484018264840182
1,32,tanh,0.001,16,30,0.7248858447488584
1,32,tanh,0.001,16,50,0.7385844748858448
1,32,tanh,0.001,16,70,0.7031963470319634
1,32,tanh,0.001,32,10,0.6004566210045662
1,32,tanh,0.001,32,30,0.7363013698630136
1,32,tanh,0.001,32,50,0.7111872146118722
1,32,tanh,0.001,32,70,0.7294520547945206
1,32,tanh,0.001,64,10,0.5547945205479452
1,32,tanh,0.001,64,30,0.66324200913242
1,32,tanh,0.001,64,50,0.7009132420091324
1,32,tanh,0.001,64,70,0.7271689497716894
1,32,tanh,0.01,16,10,0.6872146118721462
1,32,tanh,0.01,16,30,0.7271689497716894
1,32,tanh,0.01,16,50,0.682648401826484
1,32,tanh,0.01,16,70,0.7168949771689498
1,32,tanh,0.01,32,10,0.6735159817351598
1,32,tanh,0.01,32,30,0.7363013698630136
1,32,tanh,0.01,32,50,0.7271689497716894
1,32,tanh,0.01,32,70,0.6894977168949772
1,32,tanh,0.01,64,10,0.730593607305936
1,32,tanh,0.01,64,30,0.7340182648401826
1,32,tanh,0.01,64,50,0.7031963470319634
1,32,tanh,0.01,64,70,0.6872146118721462
1,32,tanh,0.1,16,10,0.45662100456621
1,32,tanh,0.1,16,30,0.5125570776255708
1,32,tanh,0.1,16,50,0.5730593607305936
1,32,tanh,0.1,16,70,0.5958904109589042
1,32,tanh,0.1,32,10,0.5034246575342466
1,32,tanh,0.1,32,30,0.5593607305936074
1,32,tanh,0.1,32,50,0.5821917808219178
1,32,tanh,0.1,32,70,0.5958904109589042
1,32,tanh,0.1,64,10,0.5525114155251142
1,32,tanh,0.1,64,30,0.5993150684931506
1,32,tanh,0.1,64,50,0.6118721461187214
1,32,tanh,0.1,64,70,0.6678082191780822
1,64,relu,0.001,16,10,0.906392694063927
1,64,relu,0.001,16,30,0.9155251141552512
1,64,relu,0.001,16,50,0.9360730593607306
1,64,relu,0.001,16,70,0.9292237442922374
1,64,relu,0.001,32,10,0.8687214611872146
1,64,relu,0.001,32,30,0.9143835616438356
1,64,relu,0.001,32,50,0.9223744292237442
1,64,relu,0.001,32,70,0.9189497716894978
1,64,relu,0.001,64,10,0.8242009132420092
1,64,relu,0.001,64,30,0.9018264840182648
1,64,relu,0.001,64,50,0.9223744292237442
1,64,relu,0.001,64,70,0.9121004566210046
1,64,relu,0.01,16,10,0.8984018264840182
1,64,relu,0.01,16,30,0.9200913242009132
1,64,relu,0.01,16,50,0.9372146118721462
1,64,relu,0.01,16,70,0.9143835616438356
1,64,relu,0.01,32,10,0.9006849315068494
1,64,relu,0.01,32,30,0.9200913242009132
1,64,relu,0.01,32,50,0.9372146118721462
1,64,relu,0.01,32,70,0.932648401826484
1,64,relu,0.01,64,10,0.9143835616438356
1,64,relu,0.01,64,30,0.9292237442922374
1,64,relu,0.01,64,50,0.9315068493150684
1,64,relu,0.01,64,70,0.9360730593607306
1,64,relu,0.1,16,10,0.8755707762557078
1,64,relu,0.1,16,30,0.9018264840182648
1,64,relu,0.1,16,50,0.906392694063927
1,64,relu,0.1,16,70,0.908675799086758
1,64,relu,0.1,32,10,0.8789954337899544
1,64,relu,0.1,32,30,0.8984018264840182
1,64,relu,0.1,32,50,0.8949771689497716
1,64,relu,0.1,32,70,0.8961187214611872
1,64,relu,0.1,64,10,0.863013698630137
1,64,relu,0.1,64,30,0.889269406392694
1,64,relu,0.1,64,50,0.906392694063927
1,64,relu,0.1,64,70,0.9052511415525114
1,64,sigmoid,0.001,16,10,0.6267123287671232
1,64,sigmoid,0.001,16,30,0.8116438356164384
1,64,sigmoid,0.001,16,50,0.8162100456621004
1,64,sigmoid,0.001,16,70,0.8242009132420092
1,64,sigmoid,0.001,32,10,0.569634703196347
1,64,sigmoid,0.001,32,30,0.7751141552511416
1,64,sigmoid,0.001,32,50,0.7990867579908676
1,64,sigmoid,0.001,32,70,0.8116438356164384
1,64,sigmoid,0.001,64,10,0.4965753424657534
1,64,sigmoid,0.001,64,30,0.7031963470319634
1,64,sigmoid,0.001,64,50,0.7853881278538812
1,64,sigmoid,0.001,64,70,0.79337899543379
1,64,sigmoid,0.01,16,10,0.8036529680365296
1,64,sigmoid,0.01,16,30,0.819634703196347
1,64,sigmoid,0.01,16,50,0.8105022831050228
1,64,sigmoid,0.01,16,70,0.8047945205479452
1,64,sigmoid,0.01,32,10,0.8105022831050228
1,64,sigmoid,0.01,32,30,0.795662100456621
1,64,sigmoid,0.01,32,50,0.8184931506849316
1,64,sigmoid,0.01,32,70,0.8013698630136986
1,64,sigmoid,0.01,64,10,0.7853881278538812
1,64,sigmoid,0.01,64,30,0.8013698630136986
1,64,sigmoid,0.01,64,50,0.8036529680365296
1,64,sigmoid,0.01,64,70,0.815068493150685
1,64,sigmoid,0.1,16,10,0.569634703196347
1,64,sigmoid,0.1,16,30,0.6461187214611872
1,64,sigmoid,0.1,16,50,0.6506849315068494
1,64,sigmoid,0.1,16,70,0.6757990867579908
1,64,sigmoid,0.1,32,10,0.632420091324201
1,64,sigmoid,0.1,32,30,0.6404109589041096
1,64,sigmoid,0.1,32,50,0.6552511415525114
1,64,sigmoid,0.1,32,70,0.6643835616438356
1,64,sigmoid,0.1,64,10,0.6449771689497716
1,64,sigmoid,0.1,64,30,0.6837899543378996
1,64,sigmoid,0.1,64,50,0.7054794520547946
1,64,sigmoid,0.1,64,70,0.684931506849315
1,64,tanh,0.001,16,10,0.7180365296803652
1,64,tanh,0.001,16,30,0.7808219178082192
1,64,tanh,0.001,16,50,0.8002283105022832
1,64,tanh,0.001,16,70,0.7888127853881278
1,64,tanh,0.001,32,10,0.6883561643835616
1,64,tanh,0.001,32,30,0.7705479452054794
1,64,tanh,0.001,32,50,0.7945205479452054
1,64,tanh,0.001,32,70,0.7899543378995434
1,64,tanh,0.001,64,10,0.6141552511415526
1,64,tanh,0.001,64,30,0.7374429223744292
1,64,tanh,0.001,64,50,0.7671232876712328
1,64,tanh,0.001,64,70,0.7728310502283106
1,64,tanh,0.01,16,10,0.7420091324200914
1,64,tanh,0.01,16,30,0.752283105022831
1,64,tanh,0.01,16,50,0.7876712328767124
1,64,tanh,0.01,16,70,0.7853881278538812
1,64,tanh,0.01,32,10,0.791095890410959
1,64,tanh,0.01,32,30,0.7899543378995434
1,64,tanh,0.01,32,50,0.7796803652968036
1,64,tanh,0.01,32,70,0.7796803652968036
1,64,tanh,0.01,64,10,0.7842465753424658
1,64,tanh,0.01,64,30,0.7659817351598174
1,64,tanh,0.01,64,50,0.7899543378995434
1,64,tanh,0.01,64,70,0.7602739726027398
1,64,tanh,0.1,16,10,0.4920091324200913
1,64,tanh,0.1,16,30,0.5079908675799086
1,64,tanh,0.1,16,50,0.5810502283105022
1,64,tanh,0.1,16,70,0.5924657534246576
1,64,tanh,0.1,32,10,0.5079908675799086
1,64,tanh,0.1,32,30,0.5513698630136986
1,64,tanh,0.1,32,50,0.6187214611872146
1,64,tanh,0.1,32,70,0.6278538812785388
1,64,tanh,0.1,64,10,0.5764840182648402
1,64,tanh,0.1,64,30,0.6529680365296804
1,64,tanh,0.1,64,50,0.6438356164383562
1,64,tanh,0.1,64,70,0.6997716894977168
1,128,relu,0.001,16,10,0.9029680365296804
1,128,relu,0.001,16,30,0.9223744292237442
1,128,relu,0.001,16,50,0.930365296803653
1,128,relu,0.001,16,70,0.9246575342465754
1,128,relu,0.001,32,10,0.8904109589041096
1,128,relu,0.001,32,30,0.9212328767123288
1,128,relu,0.001,32,50,0.9269406392694064
1,128,relu,0.001,32,70,0.9235159817351598
1,128,relu,0.001,64,10,0.8664383561643836
1,128,relu,0.001,64,30,0.9212328767123288
1,128,relu,0.001,64,50,0.9189497716894978
1,128,relu,0.001,64,70,0.9360730593607306
1,128,relu,0.01,16,10,0.8767123287671232
1,128,relu,0.01,16,30,0.9292237442922374
1,128,relu,0.01,16,50,0.9292237442922374
1,128,relu,0.01,16,70,0.9098173515981736
1,128,relu,0.01,32,10,0.9052511415525114
1,128,relu,0.01,32,30,0.9372146118721462
1,128,relu,0.01,32,50,0.934931506849315
1,128,relu,0.01,32,70,0.9372146118721462
1,128,relu,0.01,64,10,0.8949771689497716
1,128,relu,0.01,64,30,0.9223744292237442
1,128,relu,0.01,64,50,0.9440639269406392
1,128,relu,0.01,64,70,0.930365296803653
1,128,relu,0.1,16,10,0.8504566210045662
1,128,relu,0.1,16,30,0.906392694063927
1,128,relu,0.1,16,50,0.9075342465753424
1,128,relu,0.1,16,70,0.9018264840182648
1,128,relu,0.1,32,10,0.9018264840182648
1,128,relu,0.1,32,30,0.906392694063927
1,128,relu,0.1,32,50,0.8915525114155252
1,128,relu,0.1,32,70,0.9098173515981736
1,128,relu,0.1,64,10,0.8755707762557078
1,128,relu,0.1,64,30,0.8995433789954338
1,128,relu,0.1,64,50,0.9098173515981736
1,128,relu,0.1,64,70,0.8984018264840182
1,128,sigmoid,0.001,16,10,0.682648401826484
1,128,sigmoid,0.001,16,30,0.841324200913242
1,128,sigmoid,0.001,16,50,0.8310502283105022
1,128,sigmoid,0.001,16,70,0.8481735159817352
1,128,sigmoid,0.001,32,10,0.6255707762557078
1,128,sigmoid,0.001,32,30,0.8036529680365296
1,128,sigmoid,0.001,32,50,0.860730593607306
1,128,sigmoid,0.001,32,70,0.8447488584474886
1,128,sigmoid,0.001,64,10,0.547945205479452
1,128,sigmoid,0.001,64,30,0.75
1,128,sigmoid,0.001,64,50,0.817351598173516
1,128,sigmoid,0.001,64,70,0.841324200913242
1,128,sigmoid,0.01,16,10,0.8401826484018264
1,128,sigmoid,0.01,16,30,0.8310502283105022
1,128,sigmoid,0.01,16,50,0.8424657534246576
1,128,sigmoid,0.01,16,70,0.8299086757990868
1,128,sigmoid,0.01,32,10,0.8242009132420092
1,128,sigmoid,0.01,32,30,0.8230593607305936
1,128,sigmoid,0.01,32,50,0.8310502283105022
1,128,sigmoid,0.01,32,70,0.821917808219178
1,128,sigmoid,0.01,64,10,0.8356164383561644
1,128,sigmoid,0.01,64,30,0.8344748858447488
1,128,sigmoid,0.01,64,50,0.8264840182648402
1,128,sigmoid,0.01,64,70,0.8242009132420092
1,128,sigmoid,0.1,16,10,0.589041095890411
1,128,sigmoid,0.1,16,30,0.6301369863013698
1,128,sigmoid,0.1,16,50,0.6232876712328768
1,128,sigmoid,0.1,16,70,0.658675799086758
1,128,sigmoid,0.1,32,10,0.6210045662100456
1,128,sigmoid,0.1,32,30,0.6700913242009132
1,128,sigmoid,0.1,32,50,0.656392694063927
1,128,sigmoid,0.1,32,70,0.656392694063927
1,128,sigmoid,0.1,64,10,0.6746575342465754
1,128,sigmoid,0.1,64,30,0.7100456621004566
1,128,sigmoid,0.1,64,50,0.678082191780822
1,128,sigmoid,0.1,64,70,0.730593607305936
1,128,tanh,0.001,16,10,0.797945205479452
1,128,tanh,0.001,16,30,0.817351598173516
1,128,tanh,0.001,16,50,0.8276255707762558
1,128,tanh,0.001,16,70,0.817351598173516
1,128,tanh,0.001,32,10,0.7374429223744292
1,128,tanh,0.001,32,30,0.8105022831050228
1,128,tanh,0.001,32,50,0.8230593607305936
1,128,tanh,0.001,32,70,0.821917808219178
1,128,tanh,0.001,64,10,0.7009132420091324
1,128,tanh,0.001,64,30,0.8116438356164384
1,128,tanh,0.001,64,50,0.8036529680365296
1,128,tanh,0.001,64,70,0.8162100456621004
1,128,tanh,0.01,16,10,0.7557077625570776
1,128,tanh,0.01,16,30,0.8139269406392694
1,128,tanh,0.01,16,50,0.817351598173516
1,128,tanh,0.01,16,70,0.8207762557077626
1,128,tanh,0.01,32,10,0.8184931506849316
1,128,tanh,0.01,32,30,0.8139269406392694
1,128,tanh,0.01,32,50,0.8344748858447488
1,128,tanh,0.01,32,70,0.8321917808219178
1,128,tanh,0.01,64,10,0.8093607305936074
1,128,tanh,0.01,64,30,0.8242009132420092
1,128,tanh,0.01,64,50,0.8276255707762558
1,128,tanh,0.01,64,70,0.8093607305936074
1,128,tanh,0.1,16,10,0.4726027397260274
1,128,tanh,0.1,16,30,0.5376712328767124
1,128,tanh,0.1,16,50,0.5707762557077626
1,128,tanh,0.1,16,70,0.541095890410959
1,128,tanh,0.1,32,10,0.5662100456621004
1,128,tanh,0.1,32,30,0.571917808219178
1,128,tanh,0.1,32,50,0.5970319634703196
1,128,tanh,0.1,32,70,0.6381278538812786
1,128,tanh,0.1,64,10,0.5947488584474886
1,128,tanh,0.1,64,30,0.6358447488584474
1,128,tanh,0.1,64,50,0.6518264840182648
1,128,tanh,0.1,64,70,0.6883561643835616
1,256,relu,0.001,16,10,0.9212328767123288
1,256,relu,0.001,16,30,0.932648401826484
1,256,relu,0.001,16,50,0.9394977168949772
1,256,relu,0.001,16,70,0.9406392694063926
1,256,relu,0.001,32,10,0.9098173515981736
1,256,relu,0.001,32,30,0.9269406392694064
1,256,relu,0.001,32,50,0.928082191780822
1,256,relu,0.001,32,70,0.9383561643835616
1,256,relu,0.001,64,10,0.8938356164383562
1,256,relu,0.001,64,30,0.9189497716894978
1,256,relu,0.001,64,50,0.9189497716894978
1,256,relu,0.001,64,70,0.9200913242009132
1,256,relu,0.01,16,10,0.8812785388127854
1,256,relu,0.01,16,30,0.9200913242009132
1,256,relu,0.01,16,50,0.8961187214611872
1,256,relu,0.01,16,70,0.9235159817351598
1,256,relu,0.01,32,10,0.8949771689497716
1,256,relu,0.01,32,30,0.882420091324201
1,256,relu,0.01,32,50,0.908675799086758
1,256,relu,0.01,32,70,0.9292237442922374
1,256,relu,0.01,64,10,0.9189497716894978
1,256,relu,0.01,64,30,0.934931506849315
1,256,relu,0.01,64,50,0.928082191780822
1,256,relu,0.01,64,70,0.9315068493150684
1,256,relu,0.1,16,10,0.884703196347032
1,256,relu,0.1,16,30,0.8972602739726028
1,256,relu,0.1,16,50,0.9269406392694064
1,256,relu,0.1,16,70,0.906392694063927
1,256,relu,0.1,32,10,0.8972602739726028
1,256,relu,0.1,32,30,0.9075342465753424
1,256,relu,0.1,32,50,0.9166666666666666
1,256,relu,0.1,32,70,0.9189497716894978
1,256,relu,0.1,64,10,0.8949771689497716
1,256,relu,0.1,64,30,0.9029680365296804
1,256,relu,0.1,64,50,0.9189497716894978
1,256,relu,0.1,64,70,0.9075342465753424
1,256,sigmoid,0.001,16,10,0.7511415525114156
1,256,sigmoid,0.001,16,30,0.8618721461187214
1,256,sigmoid,0.001,16,50,0.8721461187214612
1,256,sigmoid,0.001,16,70,0.8710045662100456
1,256,sigmoid,0.001,32,10,0.6655251141552512
1,256,sigmoid,0.001,32,30,0.8481735159817352
1,256,sigmoid,0.001,32,50,0.8721461187214612
1,256,sigmoid,0.001,32,70,0.863013698630137
1,256,sigmoid,0.001,64,10,0.5821917808219178
1,256,sigmoid,0.001,64,30,0.8299086757990868
1,256,sigmoid,0.001,64,50,0.8527397260273972
1,256,sigmoid,0.001,64,70,0.8493150684931506
1,256,sigmoid,0.01,16,10,0.8618721461187214
1,256,sigmoid,0.01,16,30,0.8664383561643836
1,256,sigmoid,0.01,16,50,0.8698630136986302
1,256,sigmoid,0.01,16,70,0.8618721461187214
1,256,sigmoid,0.01,32,10,0.8447488584474886
1,256,sigmoid,0.01,32,30,0.8573059360730594
1,256,sigmoid,0.01,32,50,0.8641552511415526
1,256,sigmoid,0.01,32,70,0.865296803652968
1,256,sigmoid,0.01,64,10,0.8333333333333334
1,256,sigmoid,0.01,64,30,0.8573059360730594
1,256,sigmoid,0.01,64,50,0.8493150684931506
1,256,sigmoid,0.01,64,70,0.8504566210045662
1,256,sigmoid,0.1,16,10,0.6118721461187214
1,256,sigmoid,0.1,16,30,0.634703196347032
1,256,sigmoid,0.1,16,50,0.660958904109589
1,256,sigmoid,0.1,16,70,0.6541095890410958
1,256,sigmoid,0.1,32,10,0.5799086757990868
1,256,sigmoid,0.1,32,30,0.6598173515981736
1,256,sigmoid,0.1,32,50,0.7123287671232876
1,256,sigmoid,0.1,32,70,0.7009132420091324
1,256,sigmoid,0.1,64,10,0.6883561643835616
1,256,sigmoid,0.1,64,30,0.684931506849315
1,256,sigmoid,0.1,64,50,0.7180365296803652
1,256,sigmoid,0.1,64,70,0.7077625570776256
1,256,tanh,0.001,16,10,0.8253424657534246
1,256,tanh,0.001,16,30,0.8447488584474886
1,256,tanh,0.001,16,50,0.8595890410958904
1,256,tanh,0.001,16,70,0.8515981735159818
1,256,tanh,0.001,32,10,0.7888127853881278
1,256,tanh,0.001,32,30,0.8573059360730594
1,256,tanh,0.001,32,50,0.8481735159817352
1,256,tanh,0.001,32,70,0.8561643835616438
1,256,tanh,0.001,64,10,0.7625570776255708
1,256,tanh,0.001,64,30,0.8515981735159818
1,256,tanh,0.001,64,50,0.83675799086758
1,256,tanh,0.001,64,70,0.8470319634703196
1,256,tanh,0.01,16,10,0.841324200913242
1,256,tanh,0.01,16,30,0.8356164383561644
1,256,tanh,0.01,16,50,0.8356164383561644
1,256,tanh,0.01,16,70,0.8504566210045662
1,256,tanh,0.01,32,10,0.839041095890411
1,256,tanh,0.01,32,30,0.8550228310502284
1,256,tanh,0.01,32,50,0.8538812785388128
1,256,tanh,0.01,32,70,0.839041095890411
1,256,tanh,0.01,64,10,0.8595890410958904
1,256,tanh,0.01,64,30,0.8378995433789954
1,256,tanh,0.01,64,50,0.8515981735159818
1,256,tanh,0.01,64,70,0.8527397260273972
1,256,tanh,0.1,16,10,0.4668949771689498
1,256,tanh,0.1,16,30,0.5376712328767124
1,256,tanh,0.1,16,50,0.5742009132420092
1,256,tanh,0.1,16,70,0.5753424657534246
1,256,tanh,0.1,32,10,0.5376712328767124
1,256,tanh,0.1,32,30,0.58675799086758
1,256,tanh,0.1,32,50,0.6244292237442922
1,256,tanh,0.1,32,70,0.6255707762557078
1,256,tanh,0.1,64,10,0.5547945205479452
1,256,tanh,0.1,64,30,0.613013698630137
1,256,tanh,0.1,64,50,0.6232876712328768
1,256,tanh,0.1,64,70,0.6449771689497716
1,512,relu,0.001,16,10,0.9257990867579908
1,512,relu,0.001,16,30,0.9497716894977168
1,512,relu,0.001,16,50,0.9383561643835616
1,512,relu,0.001,16,70,0.9394977168949772
1,512,relu,0.001,32,10,0.9155251141552512
1,512,relu,0.001,32,30,0.932648401826484
1,512,relu,0.001,32,50,0.9394977168949772
1,512,relu,0.001,32,70,0.9394977168949772
1,512,relu,0.001,64,10,0.9018264840182648
1,512,relu,0.001,64,30,0.9223744292237442
1,512,relu,0.001,64,50,0.9257990867579908
1,512,relu,0.001,64,70,0.934931506849315
1,512,relu,0.01,16,10,0.910958904109589
1,512,relu,0.01,16,30,0.9075342465753424
1,512,relu,0.01,16,50,0.9166666666666666
1,512,relu,0.01,16,70,0.9121004566210046
1,512,relu,0.01,32,10,0.906392694063927
1,512,relu,0.01,32,30,0.9018264840182648
1,512,relu,0.01,32,50,0.9155251141552512
1,512,relu,0.01,32,70,0.9246575342465754
1,512,relu,0.01,64,10,0.9098173515981736
1,512,relu,0.01,64,30,0.8904109589041096
1,512,relu,0.01,64,50,0.8984018264840182
1,512,relu,0.01,64,70,0.9178082191780822
1,512,relu,0.1,16,10,0.8961187214611872
1,512,relu,0.1,16,30,0.9041095890410958
1,512,relu,0.1,16,50,0.9189497716894978
1,512,relu,0.1,16,70,0.906392694063927
1,512,relu,0.1,32,10,0.9029680365296804
1,512,relu,0.1,32,30,0.9121004566210046
1,512,relu,0.1,32,50,0.9257990867579908
1,512,relu,0.1,32,70,0.9223744292237442
1,512,relu,0.1,64,10,0.8767123287671232
1,512,relu,0.1,64,30,0.8995433789954338
1,512,relu,0.1,64,50,0.9121004566210046
1,512,relu,0.1,64,70,0.9189497716894978
1,512,sigmoid,0.001,16,10,0.7888127853881278
1,512,sigmoid,0.001,16,30,0.8767123287671232
1,512,sigmoid,0.001,16,50,0.8812785388127854
1,512,sigmoid,0.001,16,70,0.884703196347032
1,512,sigmoid,0.001,32,10,0.70662100456621
1,512,sigmoid,0.001,32,30,0.8721461187214612
1,512,sigmoid,0.001,32,50,0.8755707762557078
1,512,sigmoid,0.001,32,70,0.8835616438356164
1,512,sigmoid,0.001,64,10,0.5810502283105022
1,512,sigmoid,0.001,64,30,0.843607305936073
1,512,sigmoid,0.001,64,50,0.8732876712328768
1,512,sigmoid,0.001,64,70,0.882420091324201
1,512,sigmoid,0.01,16,10,0.8618721461187214
1,512,sigmoid,0.01,16,30,0.8789954337899544
1,512,sigmoid,0.01,16,50,0.8767123287671232
1,512,sigmoid,0.01,16,70,0.8812785388127854
1,512,sigmoid,0.01,32,10,0.8618721461187214
1,512,sigmoid,0.01,32,30,0.8664383561643836
1,512,sigmoid,0.01,32,50,0.8721461187214612
1,512,sigmoid,0.01,32,70,0.8664383561643836
1,512,sigmoid,0.01,64,10,0.8573059360730594
1,512,sigmoid,0.01,64,30,0.8538812785388128
1,512,sigmoid,0.01,64,50,0.8595890410958904
1,512,sigmoid,0.01,64,70,0.8664383561643836
1,512,sigmoid,0.1,16,10,0.5821917808219178
1,512,sigmoid,0.1,16,30,0.680365296803653
1,512,sigmoid,0.1,16,50,0.6883561643835616
1,512,sigmoid,0.1,16,70,0.6678082191780822
1,512,sigmoid,0.1,32,10,0.617579908675799
1,512,sigmoid,0.1,32,30,0.6381278538812786
1,512,sigmoid,0.1,32,50,0.6495433789954338
1,512,sigmoid,0.1,32,70,0.7248858447488584
1,512,sigmoid,0.1,64,10,0.6917808219178082
1,512,sigmoid,0.1,64,30,0.7191780821917808
1,512,sigmoid,0.1,64,50,0.7454337899543378
1,512,sigmoid,0.1,64,70,0.7214611872146118
1,512,tanh,0.001,16,10,0.8481735159817352
1,512,tanh,0.001,16,30,0.8664383561643836
1,512,tanh,0.001,16,50,0.8858447488584474
1,512,tanh,0.001,16,70,0.8789954337899544
1,512,tanh,0.001,32,10,0.8333333333333334
1,512,tanh,0.001,32,30,0.8687214611872146
1,512,tanh,0.001,32,50,0.8710045662100456
1,512,tanh,0.001,32,70,0.8812785388127854
1,512,tanh,0.001,64,10,0.8321917808219178
1,512,tanh,0.001,64,30,0.8561643835616438
1,512,tanh,0.001,64,50,0.8618721461187214
1,512,tanh,0.001,64,70,0.865296803652968
1,512,tanh,0.01,16,10,0.8401826484018264
1,512,tanh,0.01,16,30,0.8641552511415526
1,512,tanh,0.01,16,50,0.8401826484018264
1,512,tanh,0.01,16,70,0.8561643835616438
1,512,tanh,0.01,32,10,0.8573059360730594
1,512,tanh,0.01,32,30,0.8573059360730594
1,512,tanh,0.01,32,50,0.8618721461187214
1,512,tanh,0.01,32,70,0.8641552511415526
1,512,tanh,0.01,64,10,0.867579908675799
1,512,tanh,0.01,64,30,0.863013698630137
1,512,tanh,0.01,64,50,0.8710045662100456
1,512,tanh,0.01,64,70,0.8641552511415526
1,512,tanh,0.1,16,10,0.4897260273972603
1,512,tanh,0.1,16,30,0.5582191780821918
1,512,tanh,0.1,16,50,0.6267123287671232
1,512,tanh,0.1,16,70,0.6541095890410958
1,512,tanh,0.1,32,10,0.5605022831050228
1,512,tanh,0.1,32,30,0.5844748858447488
1,512,tanh,0.1,32,50,0.6210045662100456
1,512,tanh,0.1,32,70,0.6655251141552512
1,512,tanh,0.1,64,10,0.5707762557077626
1,512,tanh,0.1,64,30,0.6312785388127854
1,512,tanh,0.1,64,50,0.6301369863013698
1,512,tanh,0.1,64,70,0.6735159817351598
2,32,relu,0.001,16,10,0.886986301369863
2,32,relu,0.001,16,30,0.9052511415525114
2,32,relu,0.001,16,50,0.908675799086758
2,32,relu,0.001,16,70,0.9121004566210046
2,32,relu,0.001,32,10,0.8710045662100456
2,32,relu,0.001,32,30,0.8949771689497716
2,32,relu,0.001,32,50,0.9052511415525114
2,32,relu,0.001,32,70,0.8984018264840182
2,32,relu,0.001,64,10,0.8356164383561644
2,32,relu,0.001,64,30,0.9006849315068494
2,32,relu,0.001,64,50,0.8801369863013698
2,32,relu,0.001,64,70,0.8915525114155252
2,32,relu,0.01,16,10,0.9018264840182648
2,32,relu,0.01,16,30,0.9143835616438356
2,32,relu,0.01,16,50,0.8835616438356164
2,32,relu,0.01,16,70,0.8995433789954338
2,32,relu,0.01,32,10,0.9121004566210046
2,32,relu,0.01,32,30,0.9257990867579908
2,32,relu,0.01,32,50,0.9212328767123288
2,32,relu,0.01,32,70,0.908675799086758
2,32,relu,0.01,64,10,0.8858447488584474
2,32,relu,0.01,64,30,0.9235159817351598
2,32,relu,0.01,64,50,0.8949771689497716
2,32,relu,0.01,64,70,0.9189497716894978
2,32,relu,0.1,16,10,0.0
2,32,relu,0.1,16,30,0.0
2,32,relu,0.1,16,50,0.0
2,32,relu,0.1,16,70,0.0011415525114155
2,32,relu,0.1,32,10,0.0
2,32,relu,0.1,32,30,0.0
2,32,relu,0.1,32,50,0.0
2,32,relu,0.1,32,70,0.0
2,32,relu,0.1,64,10,0.1004566210045662
2,32,relu,0.1,64,30,0.0171232876712328
2,32,relu,0.1,64,50,0.0684931506849315
2,32,relu,0.1,64,70,0.0
2,32,sigmoid,0.001,16,10,0.6221461187214612
2,32,sigmoid,0.001,16,30,0.7842465753424658
2,32,sigmoid,0.001,16,50,0.8127853881278538
2,32,sigmoid,0.001,16,70,0.7888127853881278
2,32,sigmoid,0.001,32,10,0.5376712328767124
2,32,sigmoid,0.001,32,30,0.7614155251141552
2,32,sigmoid,0.001,32,50,0.7922374429223744
2,32,sigmoid,0.001,32,70,0.7876712328767124
2,32,sigmoid,0.001,64,10,0.5228310502283106
2,32,sigmoid,0.001,64,30,0.728310502283105
2,32,sigmoid,0.001,64,50,0.8105022831050228
2,32,sigmoid,0.001,64,70,0.8047945205479452
2,32,sigmoid,0.01,16,10,0.7785388127853882
2,32,sigmoid,0.01,16,30,0.8310502283105022
2,32,sigmoid,0.01,16,50,0.8093607305936074
2,32,sigmoid,0.01,16,70,0.8036529680365296
2,32,sigmoid,0.01,32,10,0.8253424657534246
2,32,sigmoid,0.01,32,30,0.8082191780821918
2,32,sigmoid,0.01,32,50,0.8276255707762558
2,32,sigmoid,0.01,32,70,0.8116438356164384
2,32,sigmoid,0.01,64,10,0.7648401826484018
2,32,sigmoid,0.01,64,30,0.8082191780821918
2,32,sigmoid,0.01,64,50,0.8059360730593608
2,32,sigmoid,0.01,64,70,0.791095890410959
2,32,sigmoid,0.1,16,10,0.7203196347031964
2,32,sigmoid,0.1,16,30,0.776255707762557
2,32,sigmoid,0.1,16,50,0.8264840182648402
2,32,sigmoid,0.1,16,70,0.747716894977169
2,32,sigmoid,0.1,32,10,0.7077625570776256
2,32,sigmoid,0.1,32,30,0.8013698630136986
2,32,sigmoid,0.1,32,50,0.8310502283105022
2,32,sigmoid,0.1,32,70,0.8321917808219178
2,32,sigmoid,0.1,64,10,0.7431506849315068
2,32,sigmoid,0.1,64,30,0.7865296803652968
2,32,sigmoid,0.1,64,50,0.8344748858447488
2,32,sigmoid,0.1,64,70,0.8333333333333334
2,32,tanh,0.001,16,10,0.7054794520547946
2,32,tanh,0.001,16,30,0.7568493150684932
2,32,tanh,0.001,16,50,0.7557077625570776
2,32,tanh,0.001,16,70,0.7397260273972602
2,32,tanh,0.001,32,10,0.6495433789954338
2,32,tanh,0.001,32,30,0.7180365296803652
2,32,tanh,0.001,32,50,0.7351598173515982
2,32,tanh,0.001,32,70,0.7168949771689498
2,32,tanh,0.001,64,10,0.6506849315068494
2,32,tanh,0.001,64,30,0.6986301369863014
2,32,tanh,0.001,64,50,0.6712328767123288
2,32,tanh,0.001,64,70,0.7248858447488584
2,32,tanh,0.01,16,10,0.8059360730593608
2,32,tanh,0.01,16,30,0.8093607305936074
2,32,tanh,0.01,16,50,0.8253424657534246
2,32,tanh,0.01,16,70,0.8139269406392694
2,32,tanh,0.01,32,10,0.7659817351598174
2,32,tanh,0.01,32,30,0.8242009132420092
2,32,tanh,0.01,32,50,0.7888127853881278
2,32,tanh,0.01,32,70,0.8036529680365296
2,32,tanh,0.01,64,10,0.7773972602739726
2,32,tanh,0.01,64,30,0.776255707762557
2,32,tanh,0.01,64,50,0.8070776255707762
2,32,tanh,0.01,64,70,0.7876712328767124
2,32,tanh,0.1,16,10,0.4600456621004566
2,32,tanh,0.1,16,30,0.5171232876712328
2,32,tanh,0.1,16,50,0.5114155251141552
2,32,tanh,0.1,16,70,0.5970319634703196
2,32,tanh,0.1,32,10,0.5034246575342466
2,32,tanh,0.1,32,30,0.6061643835616438
2,32,tanh,0.1,32,50,0.6255707762557078
2,32,tanh,0.1,32,70,0.6335616438356164
2,32,tanh,0.1,64,10,0.6244292237442922
2,32,tanh,0.1,64,30,0.682648401826484
2,32,tanh,0.1,64,50,0.6860730593607306
2,32,tanh,0.1,64,70,0.7134703196347032
2,64,relu,0.001,16,10,0.9041095890410958
2,64,relu,0.001,16,30,0.9098173515981736
2,64,relu,0.001,16,50,0.91324200913242
2,64,relu,0.001,16,70,0.9155251141552512
2,64,relu,0.001,32,10,0.8972602739726028
2,64,relu,0.001,32,30,0.906392694063927
2,64,relu,0.001,32,50,0.9200913242009132
2,64,relu,0.001,32,70,0.9155251141552512
2,64,relu,0.001,64,10,0.8561643835616438
2,64,relu,0.001,64,30,0.910958904109589
2,64,relu,0.001,64,50,0.9018264840182648
2,64,relu,0.001,64,70,0.9041095890410958
2,64,relu,0.01,16,10,0.8915525114155252
2,64,relu,0.01,16,30,0.9006849315068494
2,64,relu,0.01,16,50,0.9257990867579908
2,64,relu,0.01,16,70,0.9155251141552512
2,64,relu,0.01,32,10,0.9269406392694064
2,64,relu,0.01,32,30,0.9178082191780822
2,64,relu,0.01,32,50,0.9372146118721462
2,64,relu,0.01,32,70,0.9292237442922374
2,64,relu,0.01,64,10,0.8961187214611872
2,64,relu,0.01,64,30,0.928082191780822
2,64,relu,0.01,64,50,0.9360730593607306
2,64,relu,0.01,64,70,0.9315068493150684
2,64,relu,0.1,16,10,0.0
2,64,relu,0.1,16,30,0.0011415525114155
2,64,relu,0.1,16,50,0.0
2,64,relu,0.1,16,70,0.0
2,64,relu,0.1,32,10,0.0
2,64,relu,0.1,32,30,0.0
2,64,relu,0.1,32,50,0.0
2,64,relu,0.1,32,70,0.0
2,64,relu,0.1,64,10,0.0091324200913242
2,64,relu,0.1,64,30,0.0125570776255707
2,64,relu,0.1,64,50,0.0
2,64,relu,0.1,64,70,0.0
2,64,sigmoid,0.001,16,10,0.7317351598173516
2,64,sigmoid,0.001,16,30,0.841324200913242
2,64,sigmoid,0.001,16,50,0.8207762557077626
2,64,sigmoid,0.001,16,70,0.860730593607306
2,64,sigmoid,0.001,32,10,0.6438356164383562
2,64,sigmoid,0.001,32,30,0.8184931506849316
2,64,sigmoid,0.001,32,50,0.8458904109589042
2,64,sigmoid,0.001,32,70,0.8287671232876712
2,64,sigmoid,0.001,64,10,0.541095890410959
2,64,sigmoid,0.001,64,30,0.8105022831050228
2,64,sigmoid,0.001,64,50,0.8116438356164384
2,64,sigmoid,0.001,64,70,0.8276255707762558
2,64,sigmoid,0.01,16,10,0.8515981735159818
2,64,sigmoid,0.01,16,30,0.8493150684931506
2,64,sigmoid,0.01,16,50,0.8344748858447488
2,64,sigmoid,0.01,16,70,0.8732876712328768
2,64,sigmoid,0.01,32,10,0.8481735159817352
2,64,sigmoid,0.01,32,30,0.843607305936073
2,64,sigmoid,0.01,32,50,0.8310502283105022
2,64,sigmoid,0.01,32,70,0.8595890410958904
2,64,sigmoid,0.01,64,10,0.8344748858447488
2,64,sigmoid,0.01,64,30,0.83675799086758
2,64,sigmoid,0.01,64,50,0.8447488584474886
2,64,sigmoid,0.01,64,70,0.8550228310502284
2,64,sigmoid,0.1,16,10,0.66324200913242
2,64,sigmoid,0.1,16,30,0.7945205479452054
2,64,sigmoid,0.1,16,50,0.7545662100456622
2,64,sigmoid,0.1,16,70,0.7751141552511416
2,64,sigmoid,0.1,32,10,0.7317351598173516
2,64,sigmoid,0.1,32,30,0.7751141552511416
2,64,sigmoid,0.1,32,50,0.8333333333333334
2,64,sigmoid,0.1,32,70,0.8059360730593608
2,64,sigmoid,0.1,64,10,0.5251141552511416
2,64,sigmoid,0.1,64,30,0.6757990867579908
2,64,sigmoid,0.1,64,50,0.8036529680365296
2,64,sigmoid,0.1,64,70,0.797945205479452
2,64,tanh,0.001,16,10,0.7579908675799086
2,64,tanh,0.001,16,30,0.7773972602739726
2,64,tanh,0.001,16,50,0.8162100456621004
2,64,tanh,0.001,16,70,0.8047945205479452
2,64,tanh,0.001,32,10,0.7420091324200914
2,64,tanh,0.001,32,30,0.7511415525114156
2,64,tanh,0.001,32,50,0.776255707762557
2,64,tanh,0.001,32,70,0.769406392694064
2,64,tanh,0.001,64,10,0.7248858447488584
2,64,tanh,0.001,64,30,0.7488584474885844
2,64,tanh,0.001,64,50,0.769406392694064
2,64,tanh,0.001,64,70,0.7659817351598174
2,64,tanh,0.01,16,10,0.7853881278538812
2,64,tanh,0.01,16,30,0.8162100456621004
2,64,tanh,0.01,16,50,0.8356164383561644
2,64,tanh,0.01,16,70,0.8344748858447488
2,64,tanh,0.01,32,10,0.8082191780821918
2,64,tanh,0.01,32,30,0.8299086757990868
2,64,tanh,0.01,32,50,0.8481735159817352
2,64,tanh,0.01,32,70,0.8344748858447488
2,64,tanh,0.01,64,10,0.7876712328767124
2,64,tanh,0.01,64,30,0.8082191780821918
2,64,tanh,0.01,64,50,0.8264840182648402
2,64,tanh,0.01,64,70,0.8207762557077626
2,64,tanh,0.1,16,10,0.339041095890411
2,64,tanh,0.1,16,30,0.4166666666666667
2,64,tanh,0.1,16,50,0.4520547945205479
2,64,tanh,0.1,16,70,0.5353881278538812
2,64,tanh,0.1,32,10,0.5273972602739726
2,64,tanh,0.1,32,30,0.5
2,64,tanh,0.1,32,50,0.5856164383561644
2,64,tanh,0.1,32,70,0.5605022831050228
2,64,tanh,0.1,64,10,0.5365296803652968
2,64,tanh,0.1,64,30,0.6118721461187214
2,64,tanh,0.1,64,50,0.6712328767123288
2,64,tanh,0.1,64,70,0.7134703196347032
2,128,relu,0.001,16,10,0.934931506849315
2,128,relu,0.001,16,30,0.9212328767123288
2,128,relu,0.001,16,50,0.9269406392694064
2,128,relu,0.001,16,70,0.9246575342465754
2,128,relu,0.001,32,10,0.9018264840182648
2,128,relu,0.001,32,30,0.9200913242009132
2,128,relu,0.001,32,50,0.9178082191780822
2,128,relu,0.001,32,70,0.9200913242009132
2,128,relu,0.001,64,10,0.9052511415525114
2,128,relu,0.001,64,30,0.9041095890410958
2,128,relu,0.001,64,50,0.9200913242009132
2,128,relu,0.001,64,70,0.9143835616438356
2,128,relu,0.01,16,10,0.9200913242009132
2,128,relu,0.01,16,30,0.9052511415525114
2,128,relu,0.01,16,50,0.928082191780822
2,128,relu,0.01,16,70,0.8995433789954338
2,128,relu,0.01,32,10,0.91324200913242
2,128,relu,0.01,32,30,0.9178082191780822
2,128,relu,0.01,32,50,0.9212328767123288
2,128,relu,0.01,32,70,0.9337899543378996
2,128,relu,0.01,64,10,0.9235159817351598
2,128,relu,0.01,64,30,0.9257990867579908
2,128,relu,0.01,64,50,0.9223744292237442
2,128,relu,0.01,64,70,0.9452054794520548
2,128,relu,0.1,16,10,0.0011415525114155
2,128,relu,0.1,16,30,0.0
2,128,relu,0.1,16,50,0.0
2,128,relu,0.1,16,70,0.0
2,128,relu,0.1,32,10,0.0
2,128,relu,0.1,32,30,0.0
2,128,relu,0.1,32,50,0.0
2,128,relu,0.1,32,70,0.0
2,128,relu,0.1,64,10,0.0
2,128,relu,0.1,64,30,0.0
2,128,relu,0.1,64,50,0.0
2,128,relu,0.1,64,70,0.0
2,128,sigmoid,0.001,16,10,0.8310502283105022
2,128,sigmoid,0.001,16,30,0.8550228310502284
2,128,sigmoid,0.001,16,50,0.8732876712328768
2,128,sigmoid,0.001,16,70,0.8755707762557078
2,128,sigmoid,0.001,32,10,0.7602739726027398
2,128,sigmoid,0.001,32,30,0.860730593607306
2,128,sigmoid,0.001,32,50,0.8801369863013698
2,128,sigmoid,0.001,32,70,0.8778538812785388
2,128,sigmoid,0.001,64,10,0.615296803652968
2,128,sigmoid,0.001,64,30,0.8641552511415526
2,128,sigmoid,0.001,64,50,0.8538812785388128
2,128,sigmoid,0.001,64,70,0.8470319634703196
2,128,sigmoid,0.01,16,10,0.8904109589041096
2,128,sigmoid,0.01,16,30,0.9052511415525114
2,128,sigmoid,0.01,16,50,0.906392694063927
2,128,sigmoid,0.01,16,70,0.8995433789954338
2,128,sigmoid,0.01,32,10,0.882420091324201
2,128,sigmoid,0.01,32,30,0.8926940639269406
2,128,sigmoid,0.01,32,50,0.9006849315068494
2,128,sigmoid,0.01,32,70,0.8732876712328768
2,128,sigmoid,0.01,64,10,0.8595890410958904
2,128,sigmoid,0.01,64,30,0.8732876712328768
2,128,sigmoid,0.01,64,50,0.8835616438356164
2,128,sigmoid,0.01,64,70,0.8664383561643836
2,128,sigmoid,0.1,16,10,0.5159817351598174
2,128,sigmoid,0.1,16,30,0.6974885844748858
2,128,sigmoid,0.1,16,50,0.4600456621004566
2,128,sigmoid,0.1,16,70,0.5707762557077626
2,128,sigmoid,0.1,32,10,0.1552511415525114
2,128,sigmoid,0.1,32,30,0.5742009132420092
2,128,sigmoid,0.1,32,50,0.5148401826484018
2,128,sigmoid,0.1,32,70,0.6678082191780822
2,128,sigmoid,0.1,64,10,0.7271689497716894
2,128,sigmoid,0.1,64,30,0.0
2,128,sigmoid,0.1,64,50,0.7488584474885844
2,128,sigmoid,0.1,64,70,0.656392694063927
2,128,tanh,0.001,16,10,0.8207762557077626
2,128,tanh,0.001,16,30,0.817351598173516
2,128,tanh,0.001,16,50,0.8230593607305936
2,128,tanh,0.001,16,70,0.8310502283105022
2,128,tanh,0.001,32,10,0.8036529680365296
2,128,tanh,0.001,32,30,0.817351598173516
2,128,tanh,0.001,32,50,0.839041095890411
2,128,tanh,0.001,32,70,0.8242009132420092
2,128,tanh,0.001,64,10,0.7831050228310502
2,128,tanh,0.001,64,30,0.797945205479452
2,128,tanh,0.001,64,50,0.7922374429223744
2,128,tanh,0.001,64,70,0.791095890410959
2,128,tanh,0.01,16,10,0.797945205479452
2,128,tanh,0.01,16,30,0.8310502283105022
2,128,tanh,0.01,16,50,0.839041095890411
2,128,tanh,0.01,16,70,0.839041095890411
2,128,tanh,0.01,32,10,0.8276255707762558
2,128,tanh,0.01,32,30,0.8550228310502284
2,128,tanh,0.01,32,50,0.8447488584474886
2,128,tanh,0.01,32,70,0.8401826484018264
2,128,tanh,0.01,64,10,0.8356164383561644
2,128,tanh,0.01,64,30,0.8584474885844748
2,128,tanh,0.01,64,50,0.860730593607306
2,128,tanh,0.01,64,70,0.8356164383561644
2,128,tanh,0.1,16,10,0.4041095890410959
2,128,tanh,0.1,16,30,0.4075342465753425
2,128,tanh,0.1,16,50,0.4646118721461187
2,128,tanh,0.1,16,70,0.4589041095890411
2,128,tanh,0.1,32,10,0.4406392694063927
2,128,tanh,0.1,32,30,0.4440639269406393
2,128,tanh,0.1,32,50,0.4771689497716895
2,128,tanh,0.1,32,70,0.4657534246575342
2,128,tanh,0.1,64,10,0.5171232876712328
2,128,tanh,0.1,64,30,0.5662100456621004
2,128,tanh,0.1,64,50,0.5844748858447488
2,128,tanh,0.1,64,70,0.591324200913242
2,256,relu,0.001,16,10,0.9212328767123288
2,256,relu,0.001,16,30,0.9223744292237442
2,256,relu,0.001,16,50,0.9212328767123288
2,256,relu,0.001,16,70,0.9223744292237442
2,256,relu,0.001,32,10,0.9200913242009132
2,256,relu,0.001,32,30,0.9223744292237442
2,256,relu,0.001,32,50,0.9200913242009132
2,256,relu,0.001,32,70,0.9235159817351598
2,256,relu,0.001,64,10,0.908675799086758
2,256,relu,0.001,64,30,0.9189497716894978
2,256,relu,0.001,64,50,0.9189497716894978
2,256,relu,0.001,64,70,0.9166666666666666
2,256,relu,0.01,16,10,0.886986301369863
2,256,relu,0.01,16,30,0.8470319634703196
2,256,relu,0.01,16,50,0.8641552511415526
2,256,relu,0.01,16,70,0.9189497716894978
2,256,relu,0.01,32,10,0.9166666666666666
2,256,relu,0.01,32,30,0.9269406392694064
2,256,relu,0.01,32,50,0.9200913242009132
2,256,relu,0.01,32,70,0.9178082191780822
2,256,relu,0.01,64,10,0.9143835616438356
2,256,relu,0.01,64,30,0.9155251141552512
2,256,relu,0.01,64,50,0.9269406392694064
2,256,relu,0.01,64,70,0.934931506849315
2,256,relu,0.1,16,10,0.0034246575342465
2,256,relu,0.1,16,30,0.0
2,256,relu,0.1,16,50,0.0034246575342465
2,256,relu,0.1,16,70,0.0
2,256,relu,0.1,32,10,0.0
2,256,relu,0.1,32,30,0.0
2,256,relu,0.1,32,50,0.0
2,256,relu,0.1,32,70,0.0
2,256,relu,0.1,64,10,0.0
2,256,relu,0.1,64,30,0.0
2,256,relu,0.1,64,50,0.0
2,256,relu,0.1,64,70,0.0
2,256,sigmoid,0.001,16,10,0.8687214611872146
2,256,sigmoid,0.001,16,30,0.9052511415525114
2,256,sigmoid,0.001,16,50,0.8938356164383562
2,256,sigmoid,0.001,16,70,0.884703196347032
2,256,sigmoid,0.001,32,10,0.843607305936073
2,256,sigmoid,0.001,32,30,0.8972602739726028
2,256,sigmoid,0.001,32,50,0.8995433789954338
2,256,sigmoid,0.001,32,70,0.9052511415525114
2,256,sigmoid,0.001,64,10,0.728310502283105
2,256,sigmoid,0.001,64,30,0.8710045662100456
2,256,sigmoid,0.001,64,50,0.8812785388127854
2,256,sigmoid,0.001,64,70,0.8778538812785388
2,256,sigmoid,0.01,16,10,0.8835616438356164
2,256,sigmoid,0.01,16,30,0.9143835616438356
2,256,sigmoid,0.01,16,50,0.9235159817351598
2,256,sigmoid,0.01,16,70,0.9143835616438356
2,256,sigmoid,0.01,32,10,0.8995433789954338
2,256,sigmoid,0.01,32,30,0.9052511415525114
2,256,sigmoid,0.01,32,50,0.91324200913242
2,256,sigmoid,0.01,32,70,0.8995433789954338
2,256,sigmoid,0.01,64,10,0.8881278538812786
2,256,sigmoid,0.01,64,30,0.8949771689497716
2,256,sigmoid,0.01,64,50,0.867579908675799
2,256,sigmoid,0.01,64,70,0.8732876712328768
2,256,sigmoid,0.1,16,10,0.4691780821917808
2,256,sigmoid,0.1,16,30,0.4691780821917808
2,256,sigmoid,0.1,16,50,0.3321917808219178
2,256,sigmoid,0.1,16,70,0.3287671232876712
2,256,sigmoid,0.1,32,10,0.1541095890410959
2,256,sigmoid,0.1,32,30,0.613013698630137
2,256,sigmoid,0.1,32,50,0.5125570776255708
2,256,sigmoid,0.1,32,70,0.4863013698630137
2,256,sigmoid,0.1,64,10,0.2340182648401826
2,256,sigmoid,0.1,64,30,0.3424657534246575
2,256,sigmoid,0.1,64,50,0.6198630136986302
2,256,sigmoid,0.1,64,70,0.5422374429223744
2,256,tanh,0.001,16,10,0.8378995433789954
2,256,tanh,0.001,16,30,0.8470319634703196
2,256,tanh,0.001,16,50,0.8515981735159818
2,256,tanh,0.001,16,70,0.860730593607306
2,256,tanh,0.001,32,10,0.8276255707762558
2,256,tanh,0.001,32,30,0.8504566210045662
2,256,tanh,0.001,32,50,0.841324200913242
2,256,tanh,0.001,32,70,0.8470319634703196
2,256,tanh,0.001,64,10,0.8082191780821918
2,256,tanh,0.001,64,30,0.8356164383561644
2,256,tanh,0.001,64,50,0.8310502283105022
2,256,tanh,0.001,64,70,0.8299086757990868
2,256,tanh,0.01,16,10,0.8162100456621004
2,256,tanh,0.01,16,30,0.795662100456621
2,256,tanh,0.01,16,50,0.8139269406392694
2,256,tanh,0.01,16,70,0.7876712328767124
2,256,tanh,0.01,32,10,0.8310502283105022
2,256,tanh,0.01,32,30,0.8618721461187214
2,256,tanh,0.01,32,50,0.8595890410958904
2,256,tanh,0.01,32,70,0.8573059360730594
2,256,tanh,0.01,64,10,0.7888127853881278
2,256,tanh,0.01,64,30,0.867579908675799
2,256,tanh,0.01,64,50,0.882420091324201
2,256,tanh,0.01,64,70,0.8721461187214612
2,256,tanh,0.1,16,10,0.3835616438356164
2,256,tanh,0.1,16,30,0.3687214611872146
2,256,tanh,0.1,16,50,0.4143835616438356
2,256,tanh,0.1,16,70,0.4954337899543379
2,256,tanh,0.1,32,10,0.4589041095890411
2,256,tanh,0.1,32,30,0.4509132420091324
2,256,tanh,0.1,32,50,0.4634703196347032
2,256,tanh,0.1,32,70,0.5205479452054794
2,256,tanh,0.1,64,10,0.4600456621004566
2,256,tanh,0.1,64,30,0.5399543378995434
2,256,tanh,0.1,64,50,0.5399543378995434
2,256,tanh,0.1,64,70,0.4577625570776256
2,512,relu,0.001,16,10,0.932648401826484
2,512,relu,0.001,16,30,0.9372146118721462
2,512,relu,0.001,16,50,0.9452054794520548
2,512,relu,0.001,16,70,0.9372146118721462
2,512,relu,0.001,32,10,0.9235159817351598
2,512,relu,0.001,32,30,0.9257990867579908
2,512,relu,0.001,32,50,0.932648401826484
2,512,relu,0.001,32,70,0.9257990867579908
2,512,relu,0.001,64,10,0.9178082191780822
2,512,relu,0.001,64,30,0.9269406392694064
2,512,relu,0.001,64,50,0.9257990867579908
2,512,relu,0.001,64,70,0.9235159817351598
2,512,relu,0.01,16,10,0.8698630136986302
2,512,relu,0.01,16,30,0.928082191780822
2,512,relu,0.01,16,50,0.8858447488584474
2,512,relu,0.01,16,70,0.8949771689497716
2,512,relu,0.01,32,10,0.930365296803653
2,512,relu,0.01,32,30,0.9212328767123288
2,512,relu,0.01,32,50,0.9041095890410958
2,512,relu,0.01,32,70,0.9189497716894978
2,512,relu,0.01,64,10,0.930365296803653
2,512,relu,0.01,64,30,0.9406392694063926
2,512,relu,0.01,64,50,0.9417808219178082
2,512,relu,0.01,64,70,0.9383561643835616
2,512,relu,0.1,16,10,0.0
2,512,relu,0.1,16,30,0.0
2,512,relu,0.1,16,50,0.0
2,512,relu,0.1,16,70,0.0
2,512,relu,0.1,32,10,0.0
2,512,relu,0.1,32,30,0.0011415525114155
2,512,relu,0.1,32,50,0.0011415525114155
2,512,relu,0.1,32,70,0.0
2,512,relu,0.1,64,10,0.0
2,512,relu,0.1,64,30,0.0034246575342465
2,512,relu,0.1,64,50,0.0
2,512,relu,0.1,64,70,0.0
2,512,sigmoid,0.001,16,10,0.8858447488584474
2,512,sigmoid,0.001,16,30,0.9189497716894978
2,512,sigmoid,0.001,16,50,0.9098173515981736
2,512,sigmoid,0.001,16,70,0.9257990867579908
2,512,sigmoid,0.001,32,10,0.8721461187214612
2,512,sigmoid,0.001,32,30,0.9052511415525114
2,512,sigmoid,0.001,32,50,0.9121004566210046
2,512,sigmoid,0.001,32,70,0.9143835616438356
2,512,sigmoid,0.001,64,10,0.8105022831050228
2,512,sigmoid,0.001,64,30,0.8915525114155252
2,512,sigmoid,0.001,64,50,0.9029680365296804
2,512,sigmoid,0.001,64,70,0.9075342465753424
2,512,sigmoid,0.01,16,10,0.8538812785388128
2,512,sigmoid,0.01,16,30,0.906392694063927
2,512,sigmoid,0.01,16,50,0.8995433789954338
2,512,sigmoid,0.01,16,70,0.8904109589041096
2,512,sigmoid,0.01,32,10,0.8904109589041096
2,512,sigmoid,0.01,32,30,0.8801369863013698
2,512,sigmoid,0.01,32,50,0.9018264840182648
2,512,sigmoid,0.01,32,70,0.8972602739726028
2,512,sigmoid,0.01,64,10,0.8504566210045662
2,512,sigmoid,0.01,64,30,0.9178082191780822
2,512,sigmoid,0.01,64,50,0.8778538812785388
2,512,sigmoid,0.01,64,70,0.884703196347032
2,512,sigmoid,0.1,16,10,0.1289954337899543
2,512,sigmoid,0.1,16,30,0.3253424657534247
2,512,sigmoid,0.1,16,50,0.4394977168949772
2,512,sigmoid,0.1,16,70,0.0
2,512,sigmoid,0.1,32,10,0.3424657534246575
2,512,sigmoid,0.1,32,30,0.454337899543379
2,512,sigmoid,0.1,32,50,0.0
2,512,sigmoid,0.1,32,70,0.2568493150684932
2,512,sigmoid,0.1,64,10,0.3538812785388128
2,512,sigmoid,0.1,64,30,0.58675799086758
2,512,sigmoid,0.1,64,50,0.5821917808219178
2,512,sigmoid,0.1,64,70,0.5102739726027398
2,512,tanh,0.001,16,10,0.8687214611872146
2,512,tanh,0.001,16,30,0.884703196347032
2,512,tanh,0.001,16,50,0.8835616438356164
2,512,tanh,0.001,16,70,0.8904109589041096
2,512,tanh,0.001,32,10,0.8561643835616438
2,512,tanh,0.001,32,30,0.8835616438356164
2,512,tanh,0.001,32,50,0.8835616438356164
2,512,tanh,0.001,32,70,0.8710045662100456
2,512,tanh,0.001,64,10,0.860730593607306
2,512,tanh,0.001,64,30,0.8698630136986302
2,512,tanh,0.001,64,50,0.8744292237442922
2,512,tanh,0.001,64,70,0.8664383561643836
2,512,tanh,0.01,16,10,0.773972602739726
2,512,tanh,0.01,16,30,0.7728310502283106
2,512,tanh,0.01,16,50,0.7591324200913242
2,512,tanh,0.01,16,70,0.7751141552511416
2,512,tanh,0.01,32,10,0.839041095890411
2,512,tanh,0.01,32,30,0.8504566210045662
2,512,tanh,0.01,32,50,0.865296803652968
2,512,tanh,0.01,32,70,0.8664383561643836
2,512,tanh,0.01,64,10,0.8732876712328768
2,512,tanh,0.01,64,30,0.8698630136986302
2,512,tanh,0.01,64,50,0.884703196347032
2,512,tanh,0.01,64,70,0.889269406392694
2,512,tanh,0.1,16,10,0.4657534246575342
2,512,tanh,0.1,16,30,0.4440639269406393
2,512,tanh,0.1,16,50,0.4977168949771689
2,512,tanh,0.1,16,70,0.4646118721461187
2,512,tanh,0.1,32,10,0.4098173515981735
2,512,tanh,0.1,32,30,0.5136986301369864
2,512,tanh,0.1,32,50,0.4497716894977169
2,512,tanh,0.1,32,70,0.4554794520547945
2,512,tanh,0.1,64,10,0.4577625570776256
2,512,tanh,0.1,64,30,0.4805936073059361
2,512,tanh,0.1,64,50,0.4828767123287671
2,512,tanh,0.1,64,70,0.5102739726027398
3,32,relu,0.001,16,10,0.860730593607306
3,32,relu,0.001,16,30,0.8984018264840182
3,32,relu,0.001,16,50,0.8972602739726028
3,32,relu,0.001,16,70,0.8732876712328768
3,32,relu,0.001,32,10,0.8527397260273972
3,32,relu,0.001,32,30,0.8789954337899544
3,32,relu,0.001,32,50,0.884703196347032
3,32,relu,0.001,32,70,0.8961187214611872
3,32,relu,0.001,64,10,0.8447488584474886
3,32,relu,0.001,64,30,0.8755707762557078
3,32,relu,0.001,64,50,0.8881278538812786
3,32,relu,0.001,64,70,0.9006849315068494
3,32,relu,0.01,16,10,0.8972602739726028
3,32,relu,0.01,16,30,0.9098173515981736
3,32,relu,0.01,16,50,0.8961187214611872
3,32,relu,0.01,16,70,0.928082191780822
3,32,relu,0.01,32,10,0.9166666666666666
3,32,relu,0.01,32,30,0.908675799086758
3,32,relu,0.01,32,50,0.930365296803653
3,32,relu,0.01,32,70,0.9257990867579908
3,32,relu,0.01,64,10,0.9098173515981736
3,32,relu,0.01,64,30,0.910958904109589
3,32,relu,0.01,64,50,0.9178082191780822
3,32,relu,0.01,64,70,0.9292237442922374
3,32,relu,0.1,16,10,0.0
3,32,relu,0.1,16,30,0.0
3,32,relu,0.1,16,50,0.0
3,32,relu,0.1,16,70,0.0
3,32,relu,0.1,32,10,0.0
3,32,relu,0.1,32,30,0.0
3,32,relu,0.1,32,50,0.0
3,32,relu,0.1,32,70,0.0
3,32,relu,0.1,64,10,0.5753424657534246
3,32,relu,0.1,64,30,0.0011415525114155
3,32,relu,0.1,64,50,0.0
3,32,relu,0.1,64,70,0.0
3,32,sigmoid,0.001,16,10,0.6232876712328768
3,32,sigmoid,0.001,16,30,0.8025114155251142
3,32,sigmoid,0.001,16,50,0.8447488584474886
3,32,sigmoid,0.001,16,70,0.815068493150685
3,32,sigmoid,0.001,32,10,0.6084474885844748
3,32,sigmoid,0.001,32,30,0.7922374429223744
3,32,sigmoid,0.001,32,50,0.8253424657534246
3,32,sigmoid,0.001,32,70,0.8276255707762558
3,32,sigmoid,0.001,64,10,0.5251141552511416
3,32,sigmoid,0.001,64,30,0.7865296803652968
3,32,sigmoid,0.001,64,50,0.791095890410959
3,32,sigmoid,0.001,64,70,0.817351598173516
3,32,sigmoid,0.01,16,10,0.821917808219178
3,32,sigmoid,0.01,16,30,0.8561643835616438
3,32,sigmoid,0.01,16,50,0.8470319634703196
3,32,sigmoid,0.01,16,70,0.8481735159817352
3,32,sigmoid,0.01,32,10,0.7888127853881278
3,32,sigmoid,0.01,32,30,0.8047945205479452
3,32,sigmoid,0.01,32,50,0.8207762557077626
3,32,sigmoid,0.01,32,70,0.8573059360730594
3,32,sigmoid,0.01,64,10,0.7990867579908676
3,32,sigmoid,0.01,64,30,0.8047945205479452
3,32,sigmoid,0.01,64,50,0.8162100456621004
3,32,sigmoid,0.01,64,70,0.8162100456621004
3,32,sigmoid,0.1,16,10,0.632420091324201
3,32,sigmoid,0.1,16,30,0.6404109589041096
3,32,sigmoid,0.1,16,50,0.1267123287671233
3,32,sigmoid,0.1,16,70,0.3687214611872146
3,32,sigmoid,0.1,32,10,0.545662100456621
3,32,sigmoid,0.1,32,30,0.478310502283105
3,32,sigmoid,0.1,32,50,0.7408675799086758
3,32,sigmoid,0.1,32,70,0.6381278538812786
3,32,sigmoid,0.1,64,10,0.7488584474885844
3,32,sigmoid,0.1,64,30,0.678082191780822
3,32,sigmoid,0.1,64,50,0.795662100456621
3,32,sigmoid,0.1,64,70,0.8230593607305936
3,32,tanh,0.001,16,10,0.7534246575342466
3,32,tanh,0.001,16,30,0.7899543378995434
3,32,tanh,0.001,16,50,0.7420091324200914
3,32,tanh,0.001,16,70,0.7671232876712328
3,32,tanh,0.001,32,10,0.702054794520548
3,32,tanh,0.001,32,30,0.7625570776255708
3,32,tanh,0.001,32,50,0.7465753424657534
3,32,tanh,0.001,32,70,0.7271689497716894
3,32,tanh,0.001,64,10,0.658675799086758
3,32,tanh,0.001,64,30,0.7009132420091324
3,32,tanh,0.001,64,50,0.7180365296803652
3,32,tanh,0.001,64,70,0.7248858447488584
3,32,tanh,0.01,16,10,0.8287671232876712
3,32,tanh,0.01,16,30,0.841324200913242
3,32,tanh,0.01,16,50,0.8424657534246576
3,32,tanh,0.01,16,70,0.8287671232876712
3,32,tanh,0.01,32,10,0.8127853881278538
3,32,tanh,0.01,32,30,0.8162100456621004
3,32,tanh,0.01,32,50,0.819634703196347
3,32,tanh,0.01,32,70,0.841324200913242
3,32,tanh,0.01,64,10,0.8105022831050228
3,32,tanh,0.01,64,30,0.8287671232876712
3,32,tanh,0.01,64,50,0.8321917808219178
3,32,tanh,0.01,64,70,0.8333333333333334
3,32,tanh,0.1,16,10,0.3093607305936073
3,32,tanh,0.1,16,30,0.3607305936073059
3,32,tanh,0.1,16,50,0.2979452054794521
3,32,tanh,0.1,16,70,0.3367579908675799
3,32,tanh,0.1,32,10,0.3801369863013699
3,32,tanh,0.1,32,30,0.3527397260273973
3,32,tanh,0.1,32,50,0.4063926940639269
3,32,tanh,0.1,32,70,0.4349315068493151
3,32,tanh,0.1,64,10,0.5742009132420092
3,32,tanh,0.1,64,30,0.4748858447488584
3,32,tanh,0.1,64,50,0.5319634703196348
3,32,tanh,0.1,64,70,0.5068493150684932
3,64,relu,0.001,16,10,0.9029680365296804
3,64,relu,0.001,16,30,0.9041095890410958
3,64,relu,0.001,16,50,0.8972602739726028
3,64,relu,0.001,16,70,0.8995433789954338
3,64,relu,0.001,32,10,0.8801369863013698
3,64,relu,0.001,32,30,0.9006849315068494
3,64,relu,0.001,32,50,0.8984018264840182
3,64,relu,0.001,32,70,0.8972602739726028
3,64,relu,0.001,64,10,0.8915525114155252
3,64,relu,0.001,64,30,0.8881278538812786
3,64,relu,0.001,64,50,0.906392694063927
3,64,relu,0.001,64,70,0.8995433789954338
3,64,relu,0.01,16,10,0.9246575342465754
3,64,relu,0.01,16,30,0.9178082191780822
3,64,relu,0.01,16,50,0.928082191780822
3,64,relu,0.01,16,70,0.9246575342465754
3,64,relu,0.01,32,10,0.9155251141552512
3,64,relu,0.01,32,30,0.932648401826484
3,64,relu,0.01,32,50,0.9212328767123288
3,64,relu,0.01,32,70,0.9200913242009132
3,64,relu,0.01,64,10,0.9155251141552512
3,64,relu,0.01,64,30,0.9212328767123288
3,64,relu,0.01,64,50,0.9257990867579908
3,64,relu,0.01,64,70,0.930365296803653
3,64,relu,0.1,16,10,0.0011415525114155
3,64,relu,0.1,16,30,0.0
3,64,relu,0.1,16,50,0.0
3,64,relu,0.1,16,70,0.0
3,64,relu,0.1,32,10,0.0
3,64,relu,0.1,32,30,0.0
3,64,relu,0.1,32,50,0.0
3,64,relu,0.1,32,70,0.0
3,64,relu,0.1,64,10,0.0
3,64,relu,0.1,64,30,0.0
3,64,relu,0.1,64,50,0.0
3,64,relu,0.1,64,70,0.0
3,64,sigmoid,0.001,16,10,0.7659817351598174
3,64,sigmoid,0.001,16,30,0.8687214611872146
3,64,sigmoid,0.001,16,50,0.8493150684931506
3,64,sigmoid,0.001,16,70,0.8732876712328768
3,64,sigmoid,0.001,32,10,0.6678082191780822
3,64,sigmoid,0.001,32,30,0.8287671232876712
3,64,sigmoid,0.001,32,50,0.8504566210045662
3,64,sigmoid,0.001,32,70,0.8527397260273972
3,64,sigmoid,0.001,64,10,0.610730593607306
3,64,sigmoid,0.001,64,30,0.8504566210045662
3,64,sigmoid,0.001,64,50,0.8378995433789954
3,64,sigmoid,0.001,64,70,0.843607305936073
3,64,sigmoid,0.01,16,10,0.865296803652968
3,64,sigmoid,0.01,16,30,0.8835616438356164
3,64,sigmoid,0.01,16,50,0.8995433789954338
3,64,sigmoid,0.01,16,70,0.8755707762557078
3,64,sigmoid,0.01,32,10,0.8470319634703196
3,64,sigmoid,0.01,32,30,0.884703196347032
3,64,sigmoid,0.01,32,50,0.8926940639269406
3,64,sigmoid,0.01,32,70,0.860730593607306
3,64,sigmoid,0.01,64,10,0.8310502283105022
3,64,sigmoid,0.01,64,30,0.867579908675799
3,64,sigmoid,0.01,64,50,0.8778538812785388
3,64,sigmoid,0.01,64,70,0.860730593607306
3,64,sigmoid,0.1,16,10,0.2340182648401826
3,64,sigmoid,0.1,16,30,0.0
3,64,sigmoid,0.1,16,50,0.0
3,64,sigmoid,0.1,16,70,0.3424657534246575
3,64,sigmoid,0.1,32,10,0.0
3,64,sigmoid,0.1,32,30,0.4965753424657534
3,64,sigmoid,0.1,32,50,0.0
3,64,sigmoid,0.1,32,70,0.0
3,64,sigmoid,0.1,64,10,0.4828767123287671
3,64,sigmoid,0.1,64,30,0.0
3,64,sigmoid,0.1,64,50,0.1061643835616438
3,64,sigmoid,0.1,64,70,0.0
3,64,tanh,0.001,16,10,0.8036529680365296
3,64,tanh,0.001,16,30,0.7968036529680366
3,64,tanh,0.001,16,50,0.7990867579908676
3,64,tanh,0.001,16,70,0.7990867579908676
3,64,tanh,0.001,32,10,0.7408675799086758
3,64,tanh,0.001,32,30,0.791095890410959
3,64,tanh,0.001,32,50,0.7340182648401826
3,64,tanh,0.001,32,70,0.7625570776255708
3,64,tanh,0.001,64,10,0.7191780821917808
3,64,tanh,0.001,64,30,0.7271689497716894
3,64,tanh,0.001,64,50,0.7408675799086758
3,64,tanh,0.001,64,70,0.7853881278538812
3,64,tanh,0.01,16,10,0.8025114155251142
3,64,tanh,0.01,16,30,0.843607305936073
3,64,tanh,0.01,16,50,0.8424657534246576
3,64,tanh,0.01,16,70,0.841324200913242
3,64,tanh,0.01,32,10,0.8242009132420092
3,64,tanh,0.01,32,30,0.8356164383561644
3,64,tanh,0.01,32,50,0.8333333333333334
3,64,tanh,0.01,32,70,0.8538812785388128
3,64,tanh,0.01,64,10,0.8287671232876712
3,64,tanh,0.01,64,30,0.8538812785388128
3,64,tanh,0.01,64,50,0.8333333333333334
3,64,tanh,0.01,64,70,0.8515981735159818
3,64,tanh,0.1,16,10,0.29337899543379
3,64,tanh,0.1,16,30,0.2979452054794521
3,64,tanh,0.1,16,50,0.3299086757990868
3,64,tanh,0.1,16,70,0.3595890410958904
3,64,tanh,0.1,32,10,0.2773972602739726
3,64,tanh,0.1,32,30,0.3858447488584475
3,64,tanh,0.1,32,50,0.384703196347032
3,64,tanh,0.1,32,70,0.3527397260273973
3,64,tanh,0.1,64,10,0.3755707762557078
3,64,tanh,0.1,64,30,0.5
3,64,tanh,0.1,64,50,0.4851598173515982
3,64,tanh,0.1,64,70,0.5159817351598174
3,128,relu,0.001,16,10,0.9223744292237442
3,128,relu,0.001,16,30,0.930365296803653
3,128,relu,0.001,16,50,0.9235159817351598
3,128,relu,0.001,16,70,0.9292237442922374
3,128,relu,0.001,32,10,0.9018264840182648
3,128,relu,0.001,32,30,0.9178082191780822
3,128,relu,0.001,32,50,0.9098173515981736
3,128,relu,0.001,32,70,0.9052511415525114
3,128,relu,0.001,64,10,0.9075342465753424
3,128,relu,0.001,64,30,0.9006849315068494
3,128,relu,0.001,64,50,0.908675799086758
3,128,relu,0.001,64,70,0.9121004566210046
3,128,relu,0.01,16,10,0.9075342465753424
3,128,relu,0.01,16,30,0.9372146118721462
3,128,relu,0.01,16,50,0.9155251141552512
3,128,relu,0.01,16,70,0.9166666666666666
3,128,relu,0.01,32,10,0.9223744292237442
3,128,relu,0.01,32,30,0.9372146118721462
3,128,relu,0.01,32,50,0.9235159817351598
3,128,relu,0.01,32,70,0.9337899543378996
3,128,relu,0.01,64,10,0.9269406392694064
3,128,relu,0.01,64,30,0.9372146118721462
3,128,relu,0.01,64,50,0.9269406392694064
3,128,relu,0.01,64,70,0.9292237442922374
3,128,relu,0.1,16,10,0.0
3,128,relu,0.1,16,30,0.0
3,128,relu,0.1,16,50,0.0
3,128,relu,0.1,16,70,0.0
3,128,relu,0.1,32,10,0.0
3,128,relu,0.1,32,30,0.0
3,128,relu,0.1,32,50,0.0
3,128,relu,0.1,32,70,0.0
3,128,relu,0.1,64,10,0.0011415525114155
3,128,relu,0.1,64,30,0.0
3,128,relu,0.1,64,50,0.0
3,128,relu,0.1,64,70,0.0
3,128,sigmoid,0.001,16,10,0.863013698630137
3,128,sigmoid,0.001,16,30,0.8881278538812786
3,128,sigmoid,0.001,16,50,0.8915525114155252
3,128,sigmoid,0.001,16,70,0.8801369863013698
3,128,sigmoid,0.001,32,10,0.8424657534246576
3,128,sigmoid,0.001,32,30,0.8755707762557078
3,128,sigmoid,0.001,32,50,0.8698630136986302
3,128,sigmoid,0.001,32,70,0.8767123287671232
3,128,sigmoid,0.001,64,10,0.6872146118721462
3,128,sigmoid,0.001,64,30,0.8755707762557078
3,128,sigmoid,0.001,64,50,0.8710045662100456
3,128,sigmoid,0.001,64,70,0.8515981735159818
3,128,sigmoid,0.01,16,10,0.8744292237442922
3,128,sigmoid,0.01,16,30,0.8961187214611872
3,128,sigmoid,0.01,16,50,0.9098173515981736
3,128,sigmoid,0.01,16,70,0.908675799086758
3,128,sigmoid,0.01,32,10,0.889269406392694
3,128,sigmoid,0.01,32,30,0.8984018264840182
3,128,sigmoid,0.01,32,50,0.8915525114155252
3,128,sigmoid,0.01,32,70,0.9041095890410958
3,128,sigmoid,0.01,64,10,0.8812785388127854
3,128,sigmoid,0.01,64,30,0.8767123287671232
3,128,sigmoid,0.01,64,50,0.9006849315068494
3,128,sigmoid,0.01,64,70,0.8995433789954338
3,128,sigmoid,0.1,16,10,0.3321917808219178
3,128,sigmoid,0.1,16,30,0.3321917808219178
3,128,sigmoid,0.1,16,50,0.3424657534246575
3,128,sigmoid,0.1,16,70,0.3321917808219178
3,128,sigmoid,0.1,32,10,0.3253424657534247
3,128,sigmoid,0.1,32,30,0.3424657534246575
3,128,sigmoid,0.1,32,50,0.0
3,128,sigmoid,0.1,32,70,0.0
3,128,sigmoid,0.1,64,10,0.0
3,128,sigmoid,0.1,64,30,0.0
3,128,sigmoid,0.1,64,50,0.0
3,128,sigmoid,0.1,64,70,0.0
3,128,tanh,0.001,16,10,0.8230593607305936
3,128,tanh,0.001,16,30,0.8276255707762558
3,128,tanh,0.001,16,50,0.8321917808219178
3,128,tanh,0.001,16,70,0.8333333333333334
3,128,tanh,0.001,32,10,0.773972602739726
3,128,tanh,0.001,32,30,0.797945205479452
3,128,tanh,0.001,32,50,0.8242009132420092
3,128,tanh,0.001,32,70,0.8116438356164384
3,128,tanh,0.001,64,10,0.7853881278538812
3,128,tanh,0.001,64,30,0.7842465753424658
3,128,tanh,0.001,64,50,0.7945205479452054
3,128,tanh,0.001,64,70,0.7785388127853882
3,128,tanh,0.01,16,10,0.8059360730593608
3,128,tanh,0.01,16,30,0.8116438356164384
3,128,tanh,0.01,16,50,0.8207762557077626
3,128,tanh,0.01,16,70,0.8184931506849316
3,128,tanh,0.01,32,10,0.8504566210045662
3,128,tanh,0.01,32,30,0.8687214611872146
3,128,tanh,0.01,32,50,0.843607305936073
3,128,tanh,0.01,32,70,0.8550228310502284
3,128,tanh,0.01,64,10,0.839041095890411
3,128,tanh,0.01,64,30,0.882420091324201
3,128,tanh,0.01,64,50,0.8721461187214612
3,128,tanh,0.01,64,70,0.8732876712328768
3,128,tanh,0.1,16,10,0.3584474885844749
3,128,tanh,0.1,16,30,0.3436073059360731
3,128,tanh,0.1,16,50,0.3025114155251142
3,128,tanh,0.1,16,70,0.3002283105022831
3,128,tanh,0.1,32,10,0.3287671232876712
3,128,tanh,0.1,32,30,0.3036529680365297
3,128,tanh,0.1,32,50,0.3995433789954338
3,128,tanh,0.1,32,70,0.3276255707762557
3,128,tanh,0.1,64,10,0.4531963470319635
3,128,tanh,0.1,64,30,0.4212328767123288
3,128,tanh,0.1,64,50,0.4452054794520548
3,128,tanh,0.1,64,70,0.3858447488584475
3,256,relu,0.001,16,10,0.9235159817351598
3,256,relu,0.001,16,30,0.9360730593607306
3,256,relu,0.001,16,50,0.928082191780822
3,256,relu,0.001,16,70,0.9292237442922374
3,256,relu,0.001,32,10,0.91324200913242
3,256,relu,0.001,32,30,0.9212328767123288
3,256,relu,0.001,32,50,0.9315068493150684
3,256,relu,0.001,32,70,0.928082191780822
3,256,relu,0.001,64,10,0.91324200913242
3,256,relu,0.001,64,30,0.910958904109589
3,256,relu,0.001,64,50,0.9235159817351598
3,256,relu,0.001,64,70,0.9223744292237442
3,256,relu,0.01,16,10,0.91324200913242
3,256,relu,0.01,16,30,0.9098173515981736
3,256,relu,0.01,16,50,0.8356164383561644
3,256,relu,0.01,16,70,0.9075342465753424
3,256,relu,0.01,32,10,0.908675799086758
3,256,relu,0.01,32,30,0.9189497716894978
3,256,relu,0.01,32,50,0.9429223744292238
3,256,relu,0.01,32,70,0.910958904109589
3,256,relu,0.01,64,10,0.8949771689497716
3,256,relu,0.01,64,30,0.8721461187214612
3,256,relu,0.01,64,50,0.9474885844748858
3,256,relu,0.01,64,70,0.9372146118721462
3,256,relu,0.1,16,10,0.0
3,256,relu,0.1,16,30,0.0
3,256,relu,0.1,16,50,0.0
3,256,relu,0.1,16,70,0.0
3,256,relu,0.1,32,10,0.0
3,256,relu,0.1,32,30,0.0
3,256,relu,0.1,32,50,0.0
3,256,relu,0.1,32,70,0.0
3,256,relu,0.1,64,10,0.0
3,256,relu,0.1,64,30,0.0
3,256,relu,0.1,64,50,0.0
3,256,relu,0.1,64,70,0.0
3,256,sigmoid,0.001,16,10,0.9098173515981736
3,256,sigmoid,0.001,16,30,0.9155251141552512
3,256,sigmoid,0.001,16,50,0.9166666666666666
3,256,sigmoid,0.001,16,70,0.9166666666666666
3,256,sigmoid,0.001,32,10,0.886986301369863
3,256,sigmoid,0.001,32,30,0.9029680365296804
3,256,sigmoid,0.001,32,50,0.8995433789954338
3,256,sigmoid,0.001,32,70,0.9075342465753424
3,256,sigmoid,0.001,64,10,0.8276255707762558
3,256,sigmoid,0.001,64,30,0.8995433789954338
3,256,sigmoid,0.001,64,50,0.8972602739726028
3,256,sigmoid,0.001,64,70,0.908675799086758
3,256,sigmoid,0.01,16,10,0.8207762557077626
3,256,sigmoid,0.01,16,30,0.9018264840182648
3,256,sigmoid,0.01,16,50,0.884703196347032
3,256,sigmoid,0.01,16,70,0.8961187214611872
3,256,sigmoid,0.01,32,10,0.889269406392694
3,256,sigmoid,0.01,32,30,0.8938356164383562
3,256,sigmoid,0.01,32,50,0.882420091324201
3,256,sigmoid,0.01,32,70,0.8904109589041096
3,256,sigmoid,0.01,64,10,0.8778538812785388
3,256,sigmoid,0.01,64,30,0.8995433789954338
3,256,sigmoid,0.01,64,50,0.8801369863013698
3,256,sigmoid,0.01,64,70,0.8949771689497716
3,256,sigmoid,0.1,16,10,0.0
3,256,sigmoid,0.1,16,30,0.3321917808219178
3,256,sigmoid,0.1,16,50,0.3253424657534247
3,256,sigmoid,0.1,16,70,0.3424657534246575
3,256,sigmoid,0.1,32,10,0.0
3,256,sigmoid,0.1,32,30,0.3321917808219178
3,256,sigmoid,0.1,32,50,0.3424657534246575
3,256,sigmoid,0.1,32,70,0.0
3,256,sigmoid,0.1,64,10,0.3321917808219178
3,256,sigmoid,0.1,64,30,0.3424657534246575
3,256,sigmoid,0.1,64,50,0.0
3,256,sigmoid,0.1,64,70,0.3321917808219178
3,256,tanh,0.001,16,10,0.865296803652968
3,256,tanh,0.001,16,30,0.867579908675799
3,256,tanh,0.001,16,50,0.8721461187214612
3,256,tanh,0.001,16,70,0.8755707762557078
3,256,tanh,0.001,32,10,0.8573059360730594
3,256,tanh,0.001,32,30,0.8344748858447488
3,256,tanh,0.001,32,50,0.863013698630137
3,256,tanh,0.001,32,70,0.8584474885844748
3,256,tanh,0.001,64,10,0.8287671232876712
3,256,tanh,0.001,64,30,0.83675799086758
3,256,tanh,0.001,64,50,0.8321917808219178
3,256,tanh,0.001,64,70,0.8344748858447488
3,256,tanh,0.01,16,10,0.8082191780821918
3,256,tanh,0.01,16,30,0.7888127853881278
3,256,tanh,0.01,16,50,0.8002283105022832
3,256,tanh,0.01,16,70,0.8036529680365296
3,256,tanh,0.01,32,10,0.8310502283105022
3,256,tanh,0.01,32,30,0.8458904109589042
3,256,tanh,0.01,32,50,0.8561643835616438
3,256,tanh,0.01,32,70,0.8230593607305936
3,256,tanh,0.01,64,10,0.8698630136986302
3,256,tanh,0.01,64,30,0.867579908675799
3,256,tanh,0.01,64,50,0.8881278538812786
3,256,tanh,0.01,64,70,0.8778538812785388
3,256,tanh,0.1,16,10,0.3082191780821918
3,256,tanh,0.1,16,30,0.3105022831050228
3,256,tanh,0.1,16,50,0.2819634703196347
3,256,tanh,0.1,16,70,0.3755707762557078
3,256,tanh,0.1,32,10,0.3607305936073059
3,256,tanh,0.1,32,30,0.3515981735159817
3,256,tanh,0.1,32,50,0.2773972602739726
3,256,tanh,0.1,32,70,0.3287671232876712
3,256,tanh,0.1,64,10,0.4075342465753425
3,256,tanh,0.1,64,30,0.3401826484018265
3,256,tanh,0.1,64,50,0.3892694063926941
3,256,tanh,0.1,64,70,0.4235159817351598
3,512,relu,0.001,16,10,0.9394977168949772
3,512,relu,0.001,16,30,0.9383561643835616
3,512,relu,0.001,16,50,0.930365296803653
3,512,relu,0.001,16,70,0.9531963470319634
3,512,relu,0.001,32,10,0.9360730593607306
3,512,relu,0.001,32,30,0.9360730593607306
3,512,relu,0.001,32,50,0.930365296803653
3,512,relu,0.001,32,70,0.9474885844748858
3,512,relu,0.001,64,10,0.906392694063927
3,512,relu,0.001,64,30,0.932648401826484
3,512,relu,0.001,64,50,0.9315068493150684
3,512,relu,0.001,64,70,0.9246575342465754
3,512,relu,0.01,16,10,0.9257990867579908
3,512,relu,0.01,16,30,0.7853881278538812
3,512,relu,0.01,16,50,0.7796803652968036
3,512,relu,0.01,16,70,0.930365296803653
3,512,relu,0.01,32,10,0.8972602739726028
3,512,relu,0.01,32,30,0.9200913242009132
3,512,relu,0.01,32,50,0.9178082191780822
3,512,relu,0.01,32,70,0.9246575342465754
3,512,relu,0.01,64,10,0.9052511415525114
3,512,relu,0.01,64,30,0.9269406392694064
3,512,relu,0.01,64,50,0.9440639269406392
3,512,relu,0.01,64,70,0.9440639269406392
3,512,relu,0.1,16,10,0.0
3,512,relu,0.1,16,30,0.0
3,512,relu,0.1,16,50,0.0
3,512,relu,0.1,16,70,0.0
3,512,relu,0.1,32,10,0.0
3,512,relu,0.1,32,30,0.0
3,512,relu,0.1,32,50,0.0
3,512,relu,0.1,32,70,0.0
3,512,relu,0.1,64,10,0.0
3,512,relu,0.1,64,30,0.0
3,512,relu,0.1,64,50,0.0
3,512,relu,0.1,64,70,0.0
3,512,sigmoid,0.001,16,10,0.9155251141552512
3,512,sigmoid,0.001,16,30,0.9394977168949772
3,512,sigmoid,0.001,16,50,0.930365296803653
3,512,sigmoid,0.001,16,70,0.9315068493150684
3,512,sigmoid,0.001,32,10,0.8527397260273972
3,512,sigmoid,0.001,32,30,0.930365296803653
3,512,sigmoid,0.001,32,50,0.928082191780822
3,512,sigmoid,0.001,32,70,0.9337899543378996
3,512,sigmoid,0.001,64,10,0.8561643835616438
3,512,sigmoid,0.001,64,30,0.9155251141552512
3,512,sigmoid,0.001,64,50,0.928082191780822
3,512,sigmoid,0.001,64,70,0.928082191780822
3,512,sigmoid,0.01,16,10,0.8013698630136986
3,512,sigmoid,0.01,16,30,0.8915525114155252
3,512,sigmoid,0.01,16,50,0.8504566210045662
3,512,sigmoid,0.01,16,70,0.8664383561643836
3,512,sigmoid,0.01,32,10,0.8515981735159818
3,512,sigmoid,0.01,32,30,0.8881278538812786
3,512,sigmoid,0.01,32,50,0.8493150684931506
3,512,sigmoid,0.01,32,70,0.8961187214611872
3,512,sigmoid,0.01,64,10,0.863013698630137
3,512,sigmoid,0.01,64,30,0.8881278538812786
3,512,sigmoid,0.01,64,50,0.9052511415525114
3,512,sigmoid,0.01,64,70,0.8835616438356164
3,512,sigmoid,0.1,16,10,0.0
3,512,sigmoid,0.1,16,30,0.0
3,512,sigmoid,0.1,16,50,0.3424657534246575
3,512,sigmoid,0.1,16,70,0.0
3,512,sigmoid,0.1,32,10,0.3424657534246575
3,512,sigmoid,0.1,32,30,0.3321917808219178
3,512,sigmoid,0.1,32,50,0.3253424657534247
3,512,sigmoid,0.1,32,70,0.3253424657534247
3,512,sigmoid,0.1,64,10,0.0
3,512,sigmoid,0.1,64,30,0.0
3,512,sigmoid,0.1,64,50,0.3424657534246575
3,512,sigmoid,0.1,64,70,0.3253424657534247
3,512,tanh,0.001,16,10,0.8595890410958904
3,512,tanh,0.001,16,30,0.9029680365296804
3,512,tanh,0.001,16,50,0.8904109589041096
3,512,tanh,0.001,16,70,0.9189497716894978
3,512,tanh,0.001,32,10,0.8904109589041096
3,512,tanh,0.001,32,30,0.884703196347032
3,512,tanh,0.001,32,50,0.8926940639269406
3,512,tanh,0.001,32,70,0.906392694063927
3,512,tanh,0.001,64,10,0.8710045662100456
3,512,tanh,0.001,64,30,0.8721461187214612
3,512,tanh,0.001,64,50,0.8767123287671232
3,512,tanh,0.001,64,70,0.8812785388127854
3,512,tanh,0.01,16,10,0.6118721461187214
3,512,tanh,0.01,16,30,0.728310502283105
3,512,tanh,0.01,16,50,0.7420091324200914
3,512,tanh,0.01,16,70,0.7271689497716894
3,512,tanh,0.01,32,10,0.79337899543379
3,512,tanh,0.01,32,30,0.7853881278538812
3,512,tanh,0.01,32,50,0.7796803652968036
3,512,tanh,0.01,32,70,0.8070776255707762
3,512,tanh,0.01,64,10,0.817351598173516
3,512,tanh,0.01,64,30,0.867579908675799
3,512,tanh,0.01,64,50,0.8881278538812786
3,512,tanh,0.01,64,70,0.8721461187214612
3,512,tanh,0.1,16,10,0.2328767123287671
3,512,tanh,0.1,16,30,0.3607305936073059
3,512,tanh,0.1,16,50,0.2922374429223744
3,512,tanh,0.1,16,70,0.2534246575342466
3,512,tanh,0.1,32,10,0.2340182648401826
3,512,tanh,0.1,32,30,0.3025114155251142
3,512,tanh,0.1,32,50,0.3778538812785388
3,512,tanh,0.1,32,70,0.3356164383561644
3,512,tanh,0.1,64,10,0.2636986301369863
3,512,tanh,0.1,64,30,0.3447488584474886
3,512,tanh,0.1,64,50,0.3675799086757991
3,512,tanh,0.1,64,70,0.3584474885844749
