Num_Conv_Layers,Num_Filters,Kernel_Size,MLP_Num_Hidden_Layers,MLP_Units_Per_Layer,Activation,Dropout_Rate,Batch_Size,Epochs,Learning_Rate,Output_Activation,Accuracy
1,32,"(3, 3)",1,32,relu,0.4,32,50,0.001,sigmoid,0.9292237162590028
1,32,"(3, 3)",1,32,relu,0.4,32,50,0.001,softmax,0.926940619945526
1,32,"(3, 3)",1,32,relu,0.4,32,50,0.01,sigmoid,0.9246575236320496
1,32,"(3, 3)",1,32,relu,0.4,32,50,0.01,softmax,0.3424657583236694
1,32,"(3, 3)",1,32,relu,0.4,32,50,0.1,sigmoid,0.3424657583236694
1,32,"(3, 3)",1,32,relu,0.4,32,50,0.1,softmax,0.3321917951107025
1,32,"(3, 3)",1,64,relu,0.4,32,50,0.001,sigmoid,0.9429223537445068
1,32,"(3, 3)",1,64,relu,0.4,32,50,0.001,softmax,0.9452054500579834
1,32,"(3, 3)",1,64,relu,0.4,32,50,0.01,sigmoid,0.3424657583236694
1,32,"(3, 3)",1,64,relu,0.4,32,50,0.01,softmax,0.9086757898330688
1,32,"(3, 3)",1,64,relu,0.4,32,50,0.1,sigmoid,0.3424657583236694
1,32,"(3, 3)",1,64,relu,0.4,32,50,0.1,softmax,0.3321917951107025
1,32,"(3, 3)",1,128,relu,0.4,32,50,0.001,sigmoid,0.9429223537445068
1,32,"(3, 3)",1,128,relu,0.4,32,50,0.001,softmax,0.9474886059761048
1,32,"(3, 3)",1,128,relu,0.4,32,50,0.01,sigmoid,0.3424657583236694
1,32,"(3, 3)",1,128,relu,0.4,32,50,0.01,softmax,0.3424657583236694
1,32,"(3, 3)",1,128,relu,0.4,32,50,0.1,sigmoid,0.3321917951107025
1,32,"(3, 3)",1,128,relu,0.4,32,50,0.1,softmax,0.3253424763679504
1,32,"(3, 3)",1,256,relu,0.4,32,50,0.001,sigmoid,0.9554794430732728
1,32,"(3, 3)",1,256,relu,0.4,32,50,0.001,softmax,0.9440639019012452
1,32,"(3, 3)",1,256,relu,0.4,32,50,0.01,sigmoid,0.9383561611175536
1,32,"(3, 3)",1,256,relu,0.4,32,50,0.01,softmax,0.3321917951107025
1,32,"(3, 3)",1,256,relu,0.4,32,50,0.1,sigmoid,0.3424657583236694
1,32,"(3, 3)",1,256,relu,0.4,32,50,0.1,softmax,0.3424657583236694
1,32,"(3, 3)",1,512,relu,0.4,32,50,0.001,sigmoid,0.9406392574310304
1,32,"(3, 3)",1,512,relu,0.4,32,50,0.001,softmax,0.9497717022895812
1,32,"(3, 3)",1,512,relu,0.4,32,50,0.01,sigmoid,0.3424657583236694
1,32,"(3, 3)",1,512,relu,0.4,32,50,0.01,softmax,0.3424657583236694
1,32,"(3, 3)",1,512,relu,0.4,32,50,0.1,sigmoid,0.3424657583236694
1,32,"(3, 3)",1,512,relu,0.4,32,50,0.1,softmax,0.3321917951107025
1,32,"(3, 3)",2,32,relu,0.4,32,50,0.001,sigmoid,0.9326484203338624
1,32,"(3, 3)",2,32,relu,0.4,32,50,0.001,softmax,0.91780823469162
1,32,"(3, 3)",2,32,relu,0.4,32,50,0.01,sigmoid,0.3424657583236694
1,32,"(3, 3)",2,32,relu,0.4,32,50,0.01,softmax,0.3424657583236694
1,32,"(3, 3)",2,32,relu,0.4,32,50,0.1,sigmoid,0.3253424763679504
1,32,"(3, 3)",2,32,relu,0.4,32,50,0.1,softmax,0.3424657583236694
1,32,"(3, 3)",2,64,relu,0.4,32,50,0.001,sigmoid,0.9383561611175536
1,32,"(3, 3)",2,64,relu,0.4,32,50,0.001,softmax,0.9474886059761048
1,32,"(3, 3)",2,64,relu,0.4,32,50,0.01,sigmoid,0.8504565954208374
1,32,"(3, 3)",2,64,relu,0.4,32,50,0.01,softmax,0.3424657583236694
1,32,"(3, 3)",2,64,relu,0.4,32,50,0.1,sigmoid,0.3424657583236694
1,32,"(3, 3)",2,64,relu,0.4,32,50,0.1,softmax,0.3424657583236694
1,32,"(3, 3)",2,128,relu,0.4,32,50,0.001,sigmoid,0.8550228476524353
1,32,"(3, 3)",2,128,relu,0.4,32,50,0.001,softmax,0.9497717022895812
1,32,"(3, 3)",2,128,relu,0.4,32,50,0.01,sigmoid,0.3424657583236694
1,32,"(3, 3)",2,128,relu,0.4,32,50,0.01,softmax,0.3253424763679504
1,32,"(3, 3)",2,128,relu,0.4,32,50,0.1,sigmoid,0.3424657583236694
1,32,"(3, 3)",2,128,relu,0.4,32,50,0.1,softmax,0.3321917951107025
1,32,"(3, 3)",2,256,relu,0.4,32,50,0.001,sigmoid,0.9406392574310304
1,32,"(3, 3)",2,256,relu,0.4,32,50,0.001,softmax,0.9577625393867492
1,32,"(3, 3)",2,256,relu,0.4,32,50,0.01,sigmoid,0.3424657583236694
1,32,"(3, 3)",2,256,relu,0.4,32,50,0.01,softmax,0.9257990717887878
1,32,"(3, 3)",2,256,relu,0.4,32,50,0.1,sigmoid,0.3253424763679504
1,32,"(3, 3)",2,256,relu,0.4,32,50,0.1,softmax,0.3424657583236694
1,32,"(3, 3)",2,512,relu,0.4,32,50,0.001,sigmoid,0.9589040875434875
1,32,"(3, 3)",2,512,relu,0.4,32,50,0.001,softmax,0.952054798603058
1,32,"(3, 3)",2,512,relu,0.4,32,50,0.01,sigmoid,0.3321917951107025
1,32,"(3, 3)",2,512,relu,0.4,32,50,0.01,softmax,0.3321917951107025
1,32,"(3, 3)",2,512,relu,0.4,32,50,0.1,sigmoid,0.3424657583236694
1,32,"(3, 3)",2,512,relu,0.4,32,50,0.1,softmax,0.3253424763679504
1,32,"(3, 3)",3,32,relu,0.4,32,50,0.001,sigmoid,0.9440639019012452
1,32,"(3, 3)",3,32,relu,0.4,32,50,0.001,softmax,0.8641552329063416
1,32,"(3, 3)",3,32,relu,0.4,32,50,0.01,sigmoid,0.3321917951107025
1,32,"(3, 3)",3,32,relu,0.4,32,50,0.01,softmax,0.3424657583236694
1,32,"(3, 3)",3,32,relu,0.4,32,50,0.1,sigmoid,0.3253424763679504
1,32,"(3, 3)",3,32,relu,0.4,32,50,0.1,softmax,0.3321917951107025
1,32,"(3, 3)",3,64,relu,0.4,32,50,0.001,sigmoid,0.9417808055877686
1,32,"(3, 3)",3,64,relu,0.4,32,50,0.001,softmax,0.9383561611175536
1,32,"(3, 3)",3,64,relu,0.4,32,50,0.01,sigmoid,0.3424657583236694
1,32,"(3, 3)",3,64,relu,0.4,32,50,0.01,softmax,0.3321917951107025
1,32,"(3, 3)",3,64,relu,0.4,32,50,0.1,sigmoid,0.3424657583236694
1,32,"(3, 3)",3,64,relu,0.4,32,50,0.1,softmax,0.3321917951107025
1,32,"(3, 3)",3,128,relu,0.4,32,50,0.001,sigmoid,0.9452054500579834
1,32,"(3, 3)",3,128,relu,0.4,32,50,0.001,softmax,0.952054798603058
1,32,"(3, 3)",3,128,relu,0.4,32,50,0.01,sigmoid,0.9166666865348816
1,32,"(3, 3)",3,128,relu,0.4,32,50,0.01,softmax,0.9155251383781432
1,32,"(3, 3)",3,128,relu,0.4,32,50,0.1,sigmoid,0.3321917951107025
1,32,"(3, 3)",3,128,relu,0.4,32,50,0.1,softmax,0.3321917951107025
1,32,"(3, 3)",3,256,relu,0.4,32,50,0.001,sigmoid,0.9509132504463196
1,32,"(3, 3)",3,256,relu,0.4,32,50,0.001,softmax,0.9509132504463196
1,32,"(3, 3)",3,256,relu,0.4,32,50,0.01,sigmoid,0.3424657583236694
1,32,"(3, 3)",3,256,relu,0.4,32,50,0.01,softmax,0.9292237162590028
1,32,"(3, 3)",3,256,relu,0.4,32,50,0.1,sigmoid,0.3253424763679504
1,32,"(3, 3)",3,256,relu,0.4,32,50,0.1,softmax,0.3424657583236694
1,32,"(3, 3)",3,512,relu,0.4,32,50,0.001,sigmoid,0.9509132504463196
1,32,"(3, 3)",3,512,relu,0.4,32,50,0.001,softmax,0.956620991230011
1,32,"(3, 3)",3,512,relu,0.4,32,50,0.01,sigmoid,0.3321917951107025
1,32,"(3, 3)",3,512,relu,0.4,32,50,0.01,softmax,0.3424657583236694
1,32,"(3, 3)",3,512,relu,0.4,32,50,0.1,sigmoid,0.3321917951107025
1,32,"(3, 3)",3,512,relu,0.4,32,50,0.1,softmax,0.3321917951107025
1,32,"(5, 5)",1,32,relu,0.4,32,50,0.001,sigmoid,0.9623287916183472
1,32,"(5, 5)",1,32,relu,0.4,32,50,0.001,softmax,0.3424657583236694
1,32,"(5, 5)",1,32,relu,0.4,32,50,0.01,sigmoid,0.3424657583236694
1,32,"(5, 5)",1,32,relu,0.4,32,50,0.01,softmax,0.3424657583236694
1,32,"(5, 5)",1,32,relu,0.4,32,50,0.1,sigmoid,0.3424657583236694
1,32,"(5, 5)",1,32,relu,0.4,32,50,0.1,softmax,0.3253424763679504
1,32,"(5, 5)",1,32,sigmoid,0.4,32,50,0.001,sigmoid,0.3424657583236694
1,32,"(5, 5)",1,32,sigmoid,0.4,32,50,0.001,softmax,0.3424657583236694
1,32,"(5, 5)",1,32,sigmoid,0.4,32,50,0.01,sigmoid,0.3253424763679504
1,32,"(5, 5)",1,32,sigmoid,0.4,32,50,0.01,softmax,0.3253424763679504
1,32,"(5, 5)",1,32,sigmoid,0.4,32,50,0.1,sigmoid,0.3424657583236694
1,32,"(5, 5)",1,32,sigmoid,0.4,32,50,0.1,softmax,0.3253424763679504
1,32,"(5, 5)",1,32,tanh,0.4,32,50,0.001,sigmoid,0.3424657583236694
1,32,"(5, 5)",1,32,tanh,0.4,32,50,0.001,softmax,0.3321917951107025
1,32,"(5, 5)",1,32,tanh,0.4,32,50,0.01,sigmoid,0.3424657583236694
1,32,"(5, 5)",1,32,tanh,0.4,32,50,0.01,softmax,0.3424657583236694
1,32,"(5, 5)",1,32,tanh,0.4,32,50,0.1,sigmoid,0.3424657583236694
1,32,"(5, 5)",1,32,tanh,0.4,32,50,0.1,softmax,0.3321917951107025
1,32,"(5, 5)",1,64,relu,0.4,32,50,0.001,sigmoid,0.9634703397750854
1,32,"(5, 5)",1,64,relu,0.4,32,50,0.001,softmax,0.7602739930152893
1,32,"(5, 5)",1,64,relu,0.4,32,50,0.01,sigmoid,0.3424657583236694
1,32,"(5, 5)",1,64,relu,0.4,32,50,0.01,softmax,0.3424657583236694
1,32,"(5, 5)",1,64,relu,0.4,32,50,0.1,sigmoid,0.3321917951107025
1,32,"(5, 5)",1,64,relu,0.4,32,50,0.1,softmax,0.3424657583236694
1,32,"(5, 5)",1,64,sigmoid,0.4,32,50,0.001,sigmoid,0.3424657583236694
1,32,"(5, 5)",1,64,sigmoid,0.4,32,50,0.001,softmax,0.3321917951107025
1,32,"(5, 5)",1,64,sigmoid,0.4,32,50,0.01,sigmoid,0.3321917951107025
1,32,"(5, 5)",1,64,sigmoid,0.4,32,50,0.01,softmax,0.3321917951107025
1,32,"(5, 5)",1,64,sigmoid,0.4,32,50,0.1,sigmoid,0.3424657583236694
1,32,"(5, 5)",1,64,sigmoid,0.4,32,50,0.1,softmax,0.3424657583236694
1,32,"(5, 5)",1,64,tanh,0.4,32,50,0.001,sigmoid,0.6575342416763306
1,32,"(5, 5)",1,64,tanh,0.4,32,50,0.001,softmax,0.3150684833526611
1,32,"(5, 5)",1,64,tanh,0.4,32,50,0.01,sigmoid,0.3424657583236694
1,32,"(5, 5)",1,64,tanh,0.4,32,50,0.01,softmax,0.3219178020954132
1,32,"(5, 5)",1,64,tanh,0.4,32,50,0.1,sigmoid,0.3344748914241791
1,32,"(5, 5)",1,64,tanh,0.4,32,50,0.1,softmax,0.3424657583236694
1,32,"(5, 5)",1,128,relu,0.4,32,50,0.001,sigmoid,0.9646118879318236
1,32,"(5, 5)",1,128,relu,0.4,32,50,0.001,softmax,0.956620991230011
1,32,"(5, 5)",1,128,relu,0.4,32,50,0.01,sigmoid,0.3321917951107025
1,32,"(5, 5)",1,128,relu,0.4,32,50,0.01,softmax,0.3424657583236694
1,32,"(5, 5)",1,128,relu,0.4,32,50,0.1,sigmoid,0.3424657583236694
1,32,"(5, 5)",1,128,relu,0.4,32,50,0.1,softmax,0.3321917951107025
1,32,"(5, 5)",1,128,sigmoid,0.4,32,50,0.001,sigmoid,0.3253424763679504
1,32,"(5, 5)",1,128,sigmoid,0.4,32,50,0.001,softmax,0.3253424763679504
1,32,"(5, 5)",1,128,sigmoid,0.4,32,50,0.01,sigmoid,0.3321917951107025
1,32,"(5, 5)",1,128,sigmoid,0.4,32,50,0.01,softmax,0.3253424763679504
1,32,"(5, 5)",1,128,sigmoid,0.4,32,50,0.1,sigmoid,0.3424657583236694
1,32,"(5, 5)",1,128,sigmoid,0.4,32,50,0.1,softmax,0.3424657583236694
1,32,"(5, 5)",1,128,tanh,0.4,32,50,0.001,sigmoid,0.3253424763679504
1,32,"(5, 5)",1,128,tanh,0.4,32,50,0.001,softmax,0.3778538703918457
1,32,"(5, 5)",1,128,tanh,0.4,32,50,0.01,sigmoid,0.3424657583236694
1,32,"(5, 5)",1,128,tanh,0.4,32,50,0.01,softmax,0.3481735289096832
1,32,"(5, 5)",1,128,tanh,0.4,32,50,0.1,sigmoid,0.3424657583236694
1,32,"(5, 5)",1,128,tanh,0.4,32,50,0.1,softmax,0.3424657583236694
1,32,"(5, 5)",1,256,relu,0.4,32,50,0.001,sigmoid,0.9623287916183472
1,32,"(5, 5)",1,256,relu,0.4,32,50,0.001,softmax,0.956620991230011
1,32,"(5, 5)",1,256,relu,0.4,32,50,0.01,sigmoid,0.3424657583236694
1,32,"(5, 5)",1,256,relu,0.4,32,50,0.01,softmax,0.3424657583236694
1,32,"(5, 5)",1,256,relu,0.4,32,50,0.1,sigmoid,0.3253424763679504
1,32,"(5, 5)",1,256,relu,0.4,32,50,0.1,softmax,0.3321917951107025
1,32,"(5, 5)",1,256,sigmoid,0.4,32,50,0.001,sigmoid,0.3321917951107025
1,32,"(5, 5)",1,256,sigmoid,0.4,32,50,0.001,softmax,0.3424657583236694
1,32,"(5, 5)",1,256,sigmoid,0.4,32,50,0.01,sigmoid,0.3321917951107025
1,32,"(5, 5)",1,256,sigmoid,0.4,32,50,0.01,softmax,0.3321917951107025
1,32,"(5, 5)",1,256,sigmoid,0.4,32,50,0.1,sigmoid,0.3424657583236694
1,32,"(5, 5)",1,256,sigmoid,0.4,32,50,0.1,softmax,0.3253424763679504
1,32,"(5, 5)",1,256,tanh,0.4,32,50,0.001,sigmoid,0.4212328791618347
1,32,"(5, 5)",1,256,tanh,0.4,32,50,0.001,softmax,0.5114155411720276
1,32,"(5, 5)",1,256,tanh,0.4,32,50,0.01,sigmoid,0.3321917951107025
1,32,"(5, 5)",1,256,tanh,0.4,32,50,0.01,softmax,0.3413242101669311
1,32,"(5, 5)",1,256,tanh,0.4,32,50,0.1,sigmoid,0.3424657583236694
1,32,"(5, 5)",1,256,tanh,0.4,32,50,0.1,softmax,0.3253424763679504
1,32,"(5, 5)",1,512,relu,0.4,32,50,0.001,sigmoid,0.9646118879318236
1,32,"(5, 5)",1,512,relu,0.4,32,50,0.001,softmax,0.956620991230011
1,32,"(5, 5)",1,512,relu,0.4,32,50,0.01,sigmoid,0.3424657583236694
1,32,"(5, 5)",1,512,relu,0.4,32,50,0.01,softmax,0.3424657583236694
1,32,"(5, 5)",1,512,relu,0.4,32,50,0.1,sigmoid,0.3253424763679504
1,32,"(5, 5)",1,512,relu,0.4,32,50,0.1,softmax,0.3253424763679504
1,32,"(5, 5)",1,512,sigmoid,0.4,32,50,0.001,sigmoid,0.3253424763679504
1,32,"(5, 5)",1,512,sigmoid,0.4,32,50,0.001,softmax,0.3321917951107025
1,32,"(5, 5)",1,512,sigmoid,0.4,32,50,0.01,sigmoid,0.3253424763679504
1,32,"(5, 5)",1,512,sigmoid,0.4,32,50,0.01,softmax,0.3253424763679504
1,32,"(5, 5)",1,512,sigmoid,0.4,32,50,0.1,sigmoid,0.3321917951107025
1,32,"(5, 5)",1,512,sigmoid,0.4,32,50,0.1,softmax,0.3253424763679504
1,32,"(5, 5)",1,512,tanh,0.4,32,50,0.001,sigmoid,0.4360730648040771
1,32,"(5, 5)",1,512,tanh,0.4,32,50,0.001,softmax,0.3253424763679504
1,32,"(5, 5)",1,512,tanh,0.4,32,50,0.01,sigmoid,0.3470319509506225
1,32,"(5, 5)",1,512,tanh,0.4,32,50,0.01,softmax,0.3424657583236694
1,32,"(5, 5)",1,512,tanh,0.4,32,50,0.1,sigmoid,0.3321917951107025
1,32,"(5, 5)",1,512,tanh,0.4,32,50,0.1,softmax,0.3424657583236694
1,32,"(5, 5)",2,32,relu,0.4,32,50,0.001,sigmoid,0.9554794430732728
1,32,"(5, 5)",2,32,relu,0.4,32,50,0.001,softmax,0.9623287916183472
1,32,"(5, 5)",2,32,relu,0.4,32,50,0.01,sigmoid,0.3424657583236694
1,32,"(5, 5)",2,32,relu,0.4,32,50,0.01,softmax,0.3424657583236694
1,32,"(5, 5)",2,32,relu,0.4,32,50,0.1,sigmoid,0.3321917951107025
1,32,"(5, 5)",2,32,relu,0.4,32,50,0.1,softmax,0.3424657583236694
1,32,"(5, 5)",2,32,sigmoid,0.4,32,50,0.001,sigmoid,0.3424657583236694
1,32,"(5, 5)",2,32,sigmoid,0.4,32,50,0.001,softmax,0.3424657583236694
1,32,"(5, 5)",2,32,sigmoid,0.4,32,50,0.01,sigmoid,0.3424657583236694
1,32,"(5, 5)",2,32,sigmoid,0.4,32,50,0.01,softmax,0.3424657583236694
1,32,"(5, 5)",2,32,sigmoid,0.4,32,50,0.1,sigmoid,0.3424657583236694
1,32,"(5, 5)",2,32,sigmoid,0.4,32,50,0.1,softmax,0.3424657583236694
1,32,"(5, 5)",2,32,tanh,0.4,32,50,0.001,sigmoid,0.3984018266201019
1,32,"(5, 5)",2,32,tanh,0.4,32,50,0.001,softmax,0.3321917951107025
1,32,"(5, 5)",2,32,tanh,0.4,32,50,0.01,sigmoid,0.3321917951107025
1,32,"(5, 5)",2,32,tanh,0.4,32,50,0.01,softmax,0.3253424763679504
1,32,"(5, 5)",2,32,tanh,0.4,32,50,0.1,sigmoid,0.3424657583236694
1,32,"(5, 5)",2,32,tanh,0.4,32,50,0.1,softmax,0.3424657583236694
1,32,"(5, 5)",2,64,relu,0.4,32,50,0.001,sigmoid,0.9577625393867492
1,32,"(5, 5)",2,64,relu,0.4,32,50,0.001,softmax,0.952054798603058
1,32,"(5, 5)",2,64,relu,0.4,32,50,0.01,sigmoid,0.3253424763679504
1,32,"(5, 5)",2,64,relu,0.4,32,50,0.01,softmax,0.3424657583236694
1,32,"(5, 5)",2,64,relu,0.4,32,50,0.1,sigmoid,0.3424657583236694
1,32,"(5, 5)",2,64,relu,0.4,32,50,0.1,softmax,0.3424657583236694
1,32,"(5, 5)",2,64,sigmoid,0.4,32,50,0.001,sigmoid,0.3321917951107025
1,32,"(5, 5)",2,64,sigmoid,0.4,32,50,0.001,softmax,0.3424657583236694
1,32,"(5, 5)",2,64,sigmoid,0.4,32,50,0.01,sigmoid,0.3321917951107025
1,32,"(5, 5)",2,64,sigmoid,0.4,32,50,0.01,softmax,0.3253424763679504
1,32,"(5, 5)",2,64,sigmoid,0.4,32,50,0.1,sigmoid,0.3321917951107025
1,32,"(5, 5)",2,64,sigmoid,0.4,32,50,0.1,softmax,0.3253424763679504
1,32,"(5, 5)",2,64,tanh,0.4,32,50,0.001,sigmoid,0.3869863152503967
1,32,"(5, 5)",2,64,tanh,0.4,32,50,0.001,softmax,0.3253424763679504
1,32,"(5, 5)",2,64,tanh,0.4,32,50,0.01,sigmoid,0.3321917951107025
1,32,"(5, 5)",2,64,tanh,0.4,32,50,0.01,softmax,0.3253424763679504
1,32,"(5, 5)",2,64,tanh,0.4,32,50,0.1,sigmoid,0.3424657583236694
1,32,"(5, 5)",2,64,tanh,0.4,32,50,0.1,softmax,0.3321917951107025
1,32,"(5, 5)",2,128,relu,0.4,32,50,0.001,sigmoid,0.9611872434616088
1,32,"(5, 5)",2,128,relu,0.4,32,50,0.001,softmax,0.9646118879318236
1,32,"(5, 5)",2,128,relu,0.4,32,50,0.01,sigmoid,0.3424657583236694
1,32,"(5, 5)",2,128,relu,0.4,32,50,0.01,softmax,0.3424657583236694
1,32,"(5, 5)",2,128,relu,0.4,32,50,0.1,sigmoid,0.3424657583236694
1,32,"(5, 5)",2,128,relu,0.4,32,50,0.1,softmax,0.3321917951107025
1,32,"(5, 5)",2,128,sigmoid,0.4,32,50,0.001,sigmoid,0.3253424763679504
1,32,"(5, 5)",2,128,sigmoid,0.4,32,50,0.001,softmax,0.3424657583236694
1,32,"(5, 5)",2,128,sigmoid,0.4,32,50,0.01,sigmoid,0.3321917951107025
1,32,"(5, 5)",2,128,sigmoid,0.4,32,50,0.01,softmax,0.3253424763679504
1,32,"(5, 5)",2,128,sigmoid,0.4,32,50,0.1,softmax,0.3424657583236694
1,32,"(5, 5)",2,128,tanh,0.4,32,50,0.001,sigmoid,0.351598173379898
1,32,"(5, 5)",2,128,tanh,0.4,32,50,0.001,softmax,0.482876718044281
1,32,"(5, 5)",2,128,tanh,0.4,32,50,0.01,sigmoid,0.3253424763679504
1,32,"(5, 5)",2,128,tanh,0.4,32,50,0.01,softmax,0.3321917951107025
1,32,"(5, 5)",2,128,tanh,0.4,32,50,0.1,sigmoid,0.3321917951107025
1,32,"(5, 5)",2,128,tanh,0.4,32,50,0.1,softmax,0.3253424763679504
1,32,"(5, 5)",2,256,relu,0.4,32,50,0.001,sigmoid,0.9589040875434875
1,32,"(5, 5)",2,256,relu,0.4,32,50,0.001,softmax,0.9611872434616088
1,32,"(5, 5)",2,256,relu,0.4,32,50,0.01,sigmoid,0.3424657583236694
1,32,"(5, 5)",2,256,relu,0.4,32,50,0.01,softmax,0.3424657583236694
1,32,"(5, 5)",2,256,relu,0.4,32,50,0.1,sigmoid,0.3424657583236694
1,32,"(5, 5)",2,256,relu,0.4,32,50,0.1,softmax,0.3321917951107025
1,32,"(5, 5)",2,512,relu,0.4,32,50,0.001,sigmoid,0.9543378949165344
1,32,"(5, 5)",2,512,relu,0.4,32,50,0.001,softmax,0.965753436088562
1,32,"(5, 5)",2,512,relu,0.4,32,50,0.01,sigmoid,0.3253424763679504
1,32,"(5, 5)",2,512,relu,0.4,32,50,0.01,softmax,0.3424657583236694
1,32,"(5, 5)",2,512,relu,0.4,32,50,0.1,sigmoid,0.3253424763679504
1,32,"(5, 5)",2,512,relu,0.4,32,50,0.1,softmax,0.3424657583236694
1,32,"(5, 5)",3,32,relu,0.4,32,50,0.001,sigmoid,0.9543378949165344
1,32,"(5, 5)",3,32,relu,0.4,32,50,0.001,softmax,0.931506872177124
1,32,"(5, 5)",3,32,relu,0.4,32,50,0.01,sigmoid,0.3321917951107025
1,32,"(5, 5)",3,32,relu,0.4,32,50,0.01,softmax,0.3424657583236694
1,32,"(5, 5)",3,32,relu,0.4,32,50,0.1,sigmoid,0.3424657583236694
1,32,"(5, 5)",3,32,relu,0.4,32,50,0.1,softmax,0.3424657583236694
1,32,"(5, 5)",3,64,relu,0.4,32,50,0.001,sigmoid,0.9668949842453004
1,32,"(5, 5)",3,64,relu,0.4,32,50,0.001,softmax,0.9623287916183472
1,32,"(5, 5)",3,64,relu,0.4,32,50,0.01,sigmoid,0.3424657583236694
1,32,"(5, 5)",3,64,relu,0.4,32,50,0.01,softmax,0.3424657583236694
1,32,"(5, 5)",3,64,relu,0.4,32,50,0.1,sigmoid,0.3253424763679504
1,32,"(5, 5)",3,64,relu,0.4,32,50,0.1,softmax,0.3424657583236694
1,32,"(5, 5)",3,128,relu,0.4,32,50,0.001,sigmoid,0.953196346759796
1,32,"(5, 5)",3,128,relu,0.4,32,50,0.001,softmax,0.9600456357002258
1,32,"(5, 5)",3,128,relu,0.4,32,50,0.01,sigmoid,0.3424657583236694
1,32,"(5, 5)",3,128,relu,0.4,32,50,0.01,softmax,0.3321917951107025
1,32,"(5, 5)",3,128,relu,0.4,32,50,0.1,sigmoid,0.3253424763679504
1,32,"(5, 5)",3,128,relu,0.4,32,50,0.1,softmax,0.3321917951107025
1,32,"(5, 5)",3,256,relu,0.4,32,50,0.001,sigmoid,0.97374427318573
1,32,"(5, 5)",3,256,relu,0.4,32,50,0.001,softmax,0.9589040875434875
1,32,"(5, 5)",3,256,relu,0.4,32,50,0.01,sigmoid,0.3424657583236694
1,32,"(5, 5)",3,256,relu,0.4,32,50,0.01,softmax,0.3321917951107025
1,32,"(5, 5)",3,256,relu,0.4,32,50,0.1,sigmoid,0.3321917951107025
1,32,"(5, 5)",3,256,relu,0.4,32,50,0.1,softmax,0.3253424763679504
1,32,"(5, 5)",3,512,relu,0.4,32,50,0.001,sigmoid,0.9497717022895812
1,32,"(5, 5)",3,512,relu,0.4,32,50,0.001,softmax,0.9577625393867492
1,32,"(5, 5)",3,512,relu,0.4,32,50,0.01,sigmoid,0.3424657583236694
1,32,"(5, 5)",3,512,relu,0.4,32,50,0.01,softmax,0.3424657583236694
1,32,"(5, 5)",3,512,relu,0.4,32,50,0.1,sigmoid,0.3424657583236694
1,32,"(5, 5)",3,512,relu,0.4,32,50,0.1,softmax,0.3424657583236694
1,64,"(5, 5)",1,32,relu,0.4,32,50,0.001,sigmoid,0.9668949842453004
1,64,"(5, 5)",1,32,relu,0.4,32,50,0.001,softmax,0.3424657583236694
1,64,"(5, 5)",1,32,relu,0.4,32,50,0.01,sigmoid,0.3436073064804077
1,64,"(5, 5)",1,32,relu,0.4,32,50,0.01,softmax,0.3424657583236694
1,64,"(5, 5)",1,32,relu,0.4,32,50,0.1,sigmoid,0.3424657583236694
1,64,"(5, 5)",1,32,relu,0.4,32,50,0.1,softmax,0.3424657583236694
1,64,"(5, 5)",1,64,relu,0.4,32,50,0.001,sigmoid,0.956620991230011
1,64,"(5, 5)",1,64,relu,0.4,32,50,0.001,softmax,0.9600456357002258
1,64,"(5, 5)",1,64,relu,0.4,32,50,0.01,sigmoid,0.3424657583236694
1,64,"(5, 5)",1,64,relu,0.4,32,50,0.01,softmax,0.3321917951107025
1,64,"(5, 5)",1,64,relu,0.4,32,50,0.1,sigmoid,0.3424657583236694
1,64,"(5, 5)",1,64,relu,0.4,32,50,0.1,softmax,0.3253424763679504
1,64,"(5, 5)",1,128,relu,0.4,32,50,0.001,sigmoid,0.952054798603058
1,64,"(5, 5)",1,128,relu,0.4,32,50,0.001,softmax,0.9611872434616088
1,64,"(5, 5)",1,128,relu,0.4,32,50,0.01,sigmoid,0.3424657583236694
1,64,"(5, 5)",1,128,relu,0.4,32,50,0.01,softmax,0.3424657583236694
1,64,"(5, 5)",1,128,relu,0.4,32,50,0.1,sigmoid,0.3424657583236694
1,64,"(5, 5)",1,128,relu,0.4,32,50,0.1,softmax,0.3424657583236694
1,64,"(5, 5)",1,256,relu,0.4,32,50,0.001,sigmoid,0.9611872434616088
1,64,"(5, 5)",1,256,relu,0.4,32,50,0.001,softmax,0.9600456357002258
1,64,"(5, 5)",1,256,relu,0.4,32,50,0.01,sigmoid,0.3424657583236694
1,64,"(5, 5)",1,256,relu,0.4,32,50,0.01,softmax,0.3424657583236694
1,64,"(5, 5)",1,256,relu,0.4,32,50,0.1,sigmoid,0.3253424763679504
1,64,"(5, 5)",1,256,relu,0.4,32,50,0.1,softmax,0.3424657583236694
1,64,"(5, 5)",1,512,relu,0.4,32,50,0.001,sigmoid,0.9600456357002258
1,64,"(5, 5)",1,512,relu,0.4,32,50,0.001,softmax,0.9589040875434875
1,64,"(5, 5)",1,512,relu,0.4,32,50,0.01,sigmoid,0.3321917951107025
1,64,"(5, 5)",1,512,relu,0.4,32,50,0.01,softmax,0.3424657583236694
1,64,"(5, 5)",2,256,relu,0.4,32,50,0.001,sigmoid,0.9623287916183472
1,64,"(5, 5)",2,256,relu,0.4,32,50,0.001,softmax,0.956620991230011
1,64,"(5, 5)",2,256,relu,0.4,32,50,0.01,softmax,0.3424657583236694
2,32,"(3, 3)",1,32,relu,0.4,32,50,0.001,sigmoid,0.978310525417328
2,32,"(3, 3)",1,32,relu,0.4,32,50,0.001,softmax,0.9794520735740662
2,32,"(3, 3)",1,32,relu,0.4,32,50,0.01,sigmoid,0.3424657583236694
2,32,"(3, 3)",1,32,relu,0.4,32,50,0.01,softmax,0.3424657583236694
2,32,"(3, 3)",1,32,relu,0.4,32,50,0.1,sigmoid,0.3253424763679504
2,32,"(3, 3)",1,32,relu,0.4,32,50,0.1,softmax,0.3321917951107025
2,32,"(3, 3)",1,64,relu,0.4,32,50,0.001,sigmoid,0.9840182662010192
2,32,"(3, 3)",1,64,relu,0.4,32,50,0.001,softmax,0.9794520735740662
2,32,"(3, 3)",1,64,relu,0.4,32,50,0.01,sigmoid,0.3424657583236694
2,32,"(3, 3)",1,64,relu,0.4,32,50,0.01,softmax,0.3321917951107025
2,32,"(3, 3)",1,64,relu,0.4,32,50,0.1,sigmoid,0.3253424763679504
2,32,"(3, 3)",1,64,relu,0.4,32,50,0.1,softmax,0.3424657583236694
2,32,"(3, 3)",1,128,relu,0.4,32,50,0.001,sigmoid,0.9863013625144958
2,32,"(3, 3)",1,128,relu,0.4,32,50,0.001,softmax,0.9885844588279724
2,32,"(3, 3)",1,128,relu,0.4,32,50,0.01,sigmoid,0.3424657583236694
2,32,"(3, 3)",1,128,relu,0.4,32,50,0.01,softmax,0.3424657583236694
2,32,"(3, 3)",1,128,relu,0.4,32,50,0.1,sigmoid,0.3424657583236694
2,32,"(3, 3)",1,128,relu,0.4,32,50,0.1,softmax,0.3424657583236694
2,32,"(3, 3)",1,256,relu,0.4,32,50,0.001,sigmoid,0.9805936217308044
2,32,"(3, 3)",1,256,relu,0.4,32,50,0.001,softmax,0.987442910671234
2,32,"(3, 3)",1,256,relu,0.4,32,50,0.01,sigmoid,0.3253424763679504
2,32,"(3, 3)",1,256,relu,0.4,32,50,0.01,softmax,0.3424657583236694
2,32,"(3, 3)",1,256,relu,0.4,32,50,0.1,sigmoid,0.3321917951107025
2,32,"(3, 3)",1,256,relu,0.4,32,50,0.1,softmax,0.3321917951107025
2,32,"(3, 3)",1,512,relu,0.4,32,50,0.001,sigmoid,0.9805936217308044
2,32,"(3, 3)",1,512,relu,0.4,32,50,0.001,softmax,0.987442910671234
2,32,"(3, 3)",1,512,relu,0.4,32,50,0.01,sigmoid,0.3321917951107025
2,32,"(3, 3)",1,512,relu,0.4,32,50,0.01,softmax,0.3424657583236694
2,32,"(3, 3)",1,512,relu,0.4,32,50,0.1,sigmoid,0.3321917951107025
2,32,"(3, 3)",1,512,relu,0.4,32,50,0.1,softmax,0.3321917951107025
2,32,"(3, 3)",2,32,relu,0.4,32,50,0.001,sigmoid,0.982876718044281
2,32,"(3, 3)",2,32,relu,0.4,32,50,0.001,softmax,0.9817351698875428
2,32,"(3, 3)",2,32,relu,0.4,32,50,0.01,sigmoid,0.3424657583236694
2,32,"(3, 3)",2,32,relu,0.4,32,50,0.01,softmax,0.3424657583236694
2,32,"(3, 3)",2,32,relu,0.4,32,50,0.1,sigmoid,0.3424657583236694
2,32,"(3, 3)",2,32,relu,0.4,32,50,0.1,softmax,0.3424657583236694
2,32,"(3, 3)",2,64,relu,0.4,32,50,0.001,sigmoid,0.9771689772605896
2,32,"(3, 3)",2,64,relu,0.4,32,50,0.001,softmax,0.9623287916183472
2,32,"(3, 3)",2,64,relu,0.4,32,50,0.01,sigmoid,0.3424657583236694
2,32,"(3, 3)",2,64,relu,0.4,32,50,0.01,softmax,0.3424657583236694
2,32,"(3, 3)",2,64,relu,0.4,32,50,0.1,sigmoid,0.3253424763679504
2,32,"(3, 3)",2,64,relu,0.4,32,50,0.1,softmax,0.3424657583236694
2,32,"(3, 3)",2,128,relu,0.4,32,50,0.001,sigmoid,0.9805936217308044
2,32,"(3, 3)",2,128,relu,0.4,32,50,0.001,softmax,0.9851598143577576
2,32,"(3, 3)",2,128,relu,0.4,32,50,0.01,sigmoid,0.3424657583236694
2,32,"(3, 3)",2,128,relu,0.4,32,50,0.01,softmax,0.3321917951107025
2,32,"(3, 3)",2,128,relu,0.4,32,50,0.1,sigmoid,0.3321917951107025
2,32,"(3, 3)",2,128,relu,0.4,32,50,0.1,softmax,0.3253424763679504
2,32,"(3, 3)",2,256,relu,0.4,32,50,0.001,sigmoid,0.9668949842453004
2,32,"(3, 3)",2,256,relu,0.4,32,50,0.001,softmax,0.9840182662010192
2,32,"(3, 3)",2,256,relu,0.4,32,50,0.01,sigmoid,0.3424657583236694
2,32,"(3, 3)",2,256,relu,0.4,32,50,0.01,softmax,0.3424657583236694
2,32,"(3, 3)",2,256,relu,0.4,32,50,0.1,sigmoid,0.3424657583236694
2,32,"(3, 3)",2,256,relu,0.4,32,50,0.1,softmax,0.3424657583236694
2,32,"(3, 3)",2,512,relu,0.4,32,50,0.001,sigmoid,0.9452054500579834
2,32,"(3, 3)",2,512,relu,0.4,32,50,0.001,softmax,0.9805936217308044
2,32,"(3, 3)",2,512,relu,0.4,32,50,0.01,sigmoid,0.3321917951107025
2,32,"(3, 3)",2,512,relu,0.4,32,50,0.01,softmax,0.3424657583236694
2,32,"(3, 3)",2,512,relu,0.4,32,50,0.1,sigmoid,0.3321917951107025
2,32,"(3, 3)",2,512,relu,0.4,32,50,0.1,softmax,0.3424657583236694
2,32,"(3, 3)",3,32,relu,0.4,32,50,0.001,sigmoid,0.9646118879318236
2,32,"(3, 3)",3,32,relu,0.4,32,50,0.001,softmax,0.9543378949165344
2,32,"(3, 3)",3,32,relu,0.4,32,50,0.01,sigmoid,0.3424657583236694
2,32,"(3, 3)",3,32,relu,0.4,32,50,0.01,softmax,0.3424657583236694
2,32,"(3, 3)",3,32,relu,0.4,32,50,0.1,sigmoid,0.3253424763679504
2,32,"(3, 3)",3,32,relu,0.4,32,50,0.1,softmax,0.3321917951107025
2,32,"(3, 3)",3,64,relu,0.4,32,50,0.001,sigmoid,0.9760273694992064
2,32,"(3, 3)",3,64,relu,0.4,32,50,0.001,softmax,0.9406392574310304
2,32,"(3, 3)",3,64,relu,0.4,32,50,0.01,sigmoid,0.3424657583236694
2,32,"(3, 3)",3,64,relu,0.4,32,50,0.01,softmax,0.3424657583236694
2,32,"(3, 3)",3,64,relu,0.4,32,50,0.1,sigmoid,0.3253424763679504
2,32,"(3, 3)",3,64,relu,0.4,32,50,0.1,softmax,0.3253424763679504
2,32,"(3, 3)",3,128,relu,0.4,32,50,0.001,sigmoid,0.9623287916183472
2,32,"(3, 3)",3,128,relu,0.4,32,50,0.001,softmax,0.9748858213424684
2,32,"(3, 3)",3,128,relu,0.4,32,50,0.01,sigmoid,0.3321917951107025
2,32,"(3, 3)",3,128,relu,0.4,32,50,0.01,softmax,0.3424657583236694
2,32,"(3, 3)",3,128,relu,0.4,32,50,0.1,sigmoid,0.3424657583236694
2,32,"(3, 3)",3,128,relu,0.4,32,50,0.1,softmax,0.3424657583236694
2,32,"(3, 3)",3,256,relu,0.4,32,50,0.001,sigmoid,0.9509132504463196
2,32,"(3, 3)",3,256,relu,0.4,32,50,0.001,softmax,0.97374427318573
2,32,"(3, 3)",3,256,relu,0.4,32,50,0.01,sigmoid,0.3424657583236694
2,32,"(3, 3)",3,256,relu,0.4,32,50,0.01,softmax,0.3424657583236694
2,32,"(3, 3)",3,256,relu,0.4,32,50,0.1,sigmoid,0.3321917951107025
2,32,"(3, 3)",3,256,relu,0.4,32,50,0.1,softmax,0.3321917951107025
2,32,"(3, 3)",3,512,relu,0.4,32,50,0.001,sigmoid,0.982876718044281
2,32,"(3, 3)",3,512,relu,0.4,32,50,0.001,softmax,0.9794520735740662
2,32,"(3, 3)",3,512,relu,0.4,32,50,0.01,sigmoid,0.3424657583236694
2,32,"(3, 3)",3,512,relu,0.4,32,50,0.01,softmax,0.3321917951107025
2,32,"(3, 3)",3,512,relu,0.4,32,50,0.1,sigmoid,0.3424657583236694
2,32,"(3, 3)",3,512,relu,0.4,32,50,0.1,softmax,0.3424657583236694
2,32,"(5, 5)",1,32,relu,0.4,32,50,0.001,sigmoid,0.9840182662010192
2,32,"(5, 5)",1,32,relu,0.4,32,50,0.001,softmax,0.965753436088562
2,32,"(5, 5)",1,32,relu,0.4,32,50,0.01,sigmoid,0.3424657583236694
2,32,"(5, 5)",1,32,relu,0.4,32,50,0.01,softmax,0.3321917951107025
2,32,"(5, 5)",1,32,relu,0.4,32,50,0.1,sigmoid,0.3253424763679504
2,32,"(5, 5)",1,32,relu,0.4,32,50,0.1,softmax,0.3424657583236694
2,32,"(5, 5)",1,32,sigmoid,0.4,32,50,0.001,sigmoid,0.3424657583236694
2,32,"(5, 5)",1,32,sigmoid,0.4,32,50,0.001,softmax,0.3321917951107025
2,32,"(5, 5)",1,32,sigmoid,0.4,32,50,0.01,softmax,0.3424657583236694
2,32,"(5, 5)",1,32,tanh,0.4,32,50,0.001,sigmoid,0.8493150472640991
2,32,"(5, 5)",1,32,tanh,0.4,32,50,0.001,softmax,0.7305936217308044
2,32,"(5, 5)",1,32,tanh,0.4,32,50,0.01,sigmoid,0.3424657583236694
2,32,"(5, 5)",1,32,tanh,0.4,32,50,0.01,softmax,0.3424657583236694
2,32,"(5, 5)",1,32,tanh,0.4,32,50,0.1,sigmoid,0.3424657583236694
2,32,"(5, 5)",1,32,tanh,0.4,32,50,0.1,softmax,0.3424657583236694
2,32,"(5, 5)",1,64,relu,0.4,32,50,0.001,sigmoid,0.9794520735740662
2,32,"(5, 5)",1,64,relu,0.4,32,50,0.001,softmax,0.9840182662010192
2,32,"(5, 5)",1,64,relu,0.4,32,50,0.01,sigmoid,0.3253424763679504
2,32,"(5, 5)",1,64,relu,0.4,32,50,0.01,softmax,0.3253424763679504
2,32,"(5, 5)",1,64,relu,0.4,32,50,0.1,sigmoid,0.3321917951107025
2,32,"(5, 5)",1,64,relu,0.4,32,50,0.1,softmax,0.3321917951107025
2,32,"(5, 5)",1,64,tanh,0.4,32,50,0.001,sigmoid,0.8139269351959229
2,32,"(5, 5)",1,64,tanh,0.4,32,50,0.001,softmax,0.8458904027938843
2,32,"(5, 5)",1,64,tanh,0.4,32,50,0.01,sigmoid,0.3321917951107025
2,32,"(5, 5)",1,64,tanh,0.4,32,50,0.01,softmax,0.3321917951107025
2,32,"(5, 5)",1,64,tanh,0.4,32,50,0.1,sigmoid,0.3321917951107025
2,32,"(5, 5)",1,64,tanh,0.4,32,50,0.1,softmax,0.3424657583236694
2,32,"(5, 5)",1,128,relu,0.4,32,50,0.001,sigmoid,0.9794520735740662
2,32,"(5, 5)",1,128,relu,0.4,32,50,0.001,softmax,0.9863013625144958
2,32,"(5, 5)",1,128,relu,0.4,32,50,0.01,sigmoid,0.3424657583236694
2,32,"(5, 5)",1,128,relu,0.4,32,50,0.01,softmax,0.3424657583236694
2,32,"(5, 5)",1,128,relu,0.4,32,50,0.1,sigmoid,0.3253424763679504
2,32,"(5, 5)",1,128,relu,0.4,32,50,0.1,softmax,0.3424657583236694
2,32,"(5, 5)",1,128,tanh,0.4,32,50,0.001,sigmoid,0.5273972749710083
2,32,"(5, 5)",1,128,tanh,0.4,32,50,0.001,softmax,0.9257990717887878
2,32,"(5, 5)",1,128,tanh,0.4,32,50,0.01,sigmoid,0.3253424763679504
2,32,"(5, 5)",1,128,tanh,0.4,32,50,0.01,softmax,0.3424657583236694
2,32,"(5, 5)",1,128,tanh,0.4,32,50,0.1,sigmoid,0.3424657583236694
2,32,"(5, 5)",1,128,tanh,0.4,32,50,0.1,softmax,0.3321917951107025
2,32,"(5, 5)",1,256,relu,0.4,32,50,0.001,sigmoid,0.9543378949165344
2,32,"(5, 5)",1,256,relu,0.4,32,50,0.001,softmax,0.9885844588279724
2,32,"(5, 5)",1,256,relu,0.4,32,50,0.01,sigmoid,0.3424657583236694
2,32,"(5, 5)",1,256,relu,0.4,32,50,0.01,softmax,0.3321917951107025
2,32,"(5, 5)",1,256,relu,0.4,32,50,0.1,sigmoid,0.3253424763679504
2,32,"(5, 5)",1,256,relu,0.4,32,50,0.1,softmax,0.3321917951107025
2,32,"(5, 5)",1,256,tanh,0.4,32,50,0.001,sigmoid,0.8150684833526611
2,32,"(5, 5)",1,256,tanh,0.4,32,50,0.001,softmax,0.8949771523475647
2,32,"(5, 5)",1,256,tanh,0.4,32,50,0.01,sigmoid,0.3321917951107025
2,32,"(5, 5)",1,256,tanh,0.4,32,50,0.01,softmax,0.3321917951107025
2,32,"(5, 5)",1,256,tanh,0.4,32,50,0.1,sigmoid,0.3207762539386749
2,32,"(5, 5)",1,256,tanh,0.4,32,50,0.1,softmax,0.3321917951107025
2,32,"(5, 5)",1,512,relu,0.4,32,50,0.001,sigmoid,0.982876718044281
2,32,"(5, 5)",1,512,relu,0.4,32,50,0.001,softmax,0.9805936217308044
2,32,"(5, 5)",1,512,relu,0.4,32,50,0.01,sigmoid,0.3424657583236694
2,32,"(5, 5)",1,512,relu,0.4,32,50,0.01,softmax,0.3424657583236694
2,32,"(5, 5)",1,512,relu,0.4,32,50,0.1,sigmoid,0.3253424763679504
2,32,"(5, 5)",1,512,relu,0.4,32,50,0.1,softmax,0.3321917951107025
2,32,"(5, 5)",1,512,tanh,0.4,32,50,0.001,sigmoid,0.9200913310050964
2,32,"(5, 5)",1,512,tanh,0.4,32,50,0.001,softmax,0.7077625393867493
2,32,"(5, 5)",2,32,relu,0.4,32,50,0.001,sigmoid,0.9805936217308044
2,32,"(5, 5)",2,32,relu,0.4,32,50,0.001,softmax,0.9897260069847108
2,32,"(5, 5)",2,32,relu,0.4,32,50,0.01,sigmoid,0.3253424763679504
2,32,"(5, 5)",2,32,relu,0.4,32,50,0.01,softmax,0.3424657583236694
2,32,"(5, 5)",2,32,relu,0.4,32,50,0.1,sigmoid,0.3253424763679504
2,32,"(5, 5)",2,32,relu,0.4,32,50,0.1,softmax,0.3253424763679504
2,32,"(5, 5)",2,64,relu,0.4,32,50,0.001,sigmoid,0.9554794430732728
2,32,"(5, 5)",2,64,relu,0.4,32,50,0.001,softmax,0.9805936217308044
2,32,"(5, 5)",2,64,relu,0.4,32,50,0.01,sigmoid,0.3424657583236694
2,32,"(5, 5)",2,64,relu,0.4,32,50,0.01,softmax,0.3424657583236694
2,32,"(5, 5)",2,64,relu,0.4,32,50,0.1,sigmoid,0.3321917951107025
2,32,"(5, 5)",2,64,relu,0.4,32,50,0.1,softmax,0.3424657583236694
2,32,"(5, 5)",2,128,relu,0.4,32,50,0.001,sigmoid,0.9771689772605896
2,32,"(5, 5)",2,128,relu,0.4,32,50,0.001,softmax,0.9577625393867492
2,32,"(5, 5)",2,128,relu,0.4,32,50,0.01,sigmoid,0.3424657583236694
2,32,"(5, 5)",2,128,relu,0.4,32,50,0.01,softmax,0.3424657583236694
2,32,"(5, 5)",2,128,relu,0.4,32,50,0.1,sigmoid,0.3424657583236694
2,32,"(5, 5)",2,128,relu,0.4,32,50,0.1,softmax,0.3424657583236694
2,32,"(5, 5)",2,256,relu,0.4,32,50,0.001,sigmoid,0.9634703397750854
2,32,"(5, 5)",2,256,relu,0.4,32,50,0.001,softmax,0.987442910671234
2,32,"(5, 5)",2,256,relu,0.4,32,50,0.01,sigmoid,0.3424657583236694
2,32,"(5, 5)",2,256,relu,0.4,32,50,0.01,softmax,0.3424657583236694
2,32,"(5, 5)",2,256,relu,0.4,32,50,0.1,sigmoid,0.3424657583236694
2,32,"(5, 5)",2,256,relu,0.4,32,50,0.1,softmax,0.3424657583236694
2,32,"(5, 5)",2,512,relu,0.4,32,50,0.001,sigmoid,0.97374427318573
2,32,"(5, 5)",2,512,relu,0.4,32,50,0.001,softmax,0.9429223537445068
2,32,"(5, 5)",2,512,relu,0.4,32,50,0.01,sigmoid,0.3321917951107025
2,32,"(5, 5)",2,512,relu,0.4,32,50,0.01,softmax,0.3424657583236694
2,32,"(5, 5)",2,512,relu,0.4,32,50,0.1,sigmoid,0.3253424763679504
2,32,"(5, 5)",2,512,relu,0.4,32,50,0.1,softmax,0.3424657583236694
2,32,"(5, 5)",3,32,relu,0.4,32,50,0.001,sigmoid,0.9623287916183472
2,32,"(5, 5)",3,32,relu,0.4,32,50,0.001,softmax,0.978310525417328
2,32,"(5, 5)",3,32,relu,0.4,32,50,0.01,sigmoid,0.3321917951107025
2,32,"(5, 5)",3,32,relu,0.4,32,50,0.01,softmax,0.3321917951107025
2,32,"(5, 5)",3,32,relu,0.4,32,50,0.1,sigmoid,0.3321917951107025
2,32,"(5, 5)",3,32,relu,0.4,32,50,0.1,softmax,0.3321917951107025
2,32,"(5, 5)",3,64,relu,0.4,32,50,0.001,sigmoid,0.9794520735740662
2,32,"(5, 5)",3,64,relu,0.4,32,50,0.001,softmax,0.9885844588279724
2,32,"(5, 5)",3,64,relu,0.4,32,50,0.01,sigmoid,0.3424657583236694
2,32,"(5, 5)",3,64,relu,0.4,32,50,0.01,softmax,0.3424657583236694
2,32,"(5, 5)",3,64,relu,0.4,32,50,0.1,sigmoid,0.3321917951107025
2,32,"(5, 5)",3,64,relu,0.4,32,50,0.1,softmax,0.3424657583236694
2,32,"(5, 5)",3,128,relu,0.4,32,50,0.001,sigmoid,0.9760273694992064
2,32,"(5, 5)",3,128,relu,0.4,32,50,0.001,softmax,0.9817351698875428
2,32,"(5, 5)",3,128,relu,0.4,32,50,0.01,sigmoid,0.3424657583236694
2,32,"(5, 5)",3,128,relu,0.4,32,50,0.01,softmax,0.3424657583236694
2,32,"(5, 5)",3,128,relu,0.4,32,50,0.1,sigmoid,0.3253424763679504
2,32,"(5, 5)",3,128,relu,0.4,32,50,0.1,softmax,0.3253424763679504
2,32,"(5, 5)",3,256,relu,0.4,32,50,0.001,sigmoid,0.3424657583236694
2,32,"(5, 5)",3,256,relu,0.4,32,50,0.001,softmax,0.953196346759796
2,32,"(5, 5)",3,256,relu,0.4,32,50,0.01,sigmoid,0.3253424763679504
2,32,"(5, 5)",3,256,relu,0.4,32,50,0.01,softmax,0.3424657583236694
2,32,"(5, 5)",3,256,relu,0.4,32,50,0.1,sigmoid,0.3424657583236694
2,32,"(5, 5)",3,256,relu,0.4,32,50,0.1,softmax,0.3321917951107025
2,32,"(5, 5)",3,512,relu,0.4,32,50,0.001,sigmoid,0.9691780805587769
2,32,"(5, 5)",3,512,relu,0.4,32,50,0.001,softmax,0.3424657583236694
2,32,"(5, 5)",3,512,relu,0.4,32,50,0.01,sigmoid,0.3424657583236694
2,32,"(5, 5)",3,512,relu,0.4,32,50,0.01,softmax,0.8687214851379395
2,32,"(5, 5)",3,512,relu,0.4,32,50,0.1,sigmoid,0.3424657583236694
2,32,"(5, 5)",3,512,relu,0.4,32,50,0.1,softmax,0.3321917951107025
2,64,"(5, 5)",1,32,relu,0.4,32,50,0.001,sigmoid,0.978310525417328
2,64,"(5, 5)",1,32,relu,0.4,32,50,0.001,softmax,0.3424657583236694
2,64,"(5, 5)",1,32,relu,0.4,32,50,0.01,sigmoid,0.3424657583236694
2,64,"(5, 5)",1,32,relu,0.4,32,50,0.01,softmax,0.3424657583236694
2,64,"(5, 5)",1,32,relu,0.4,32,50,0.1,sigmoid,0.3253424763679504
2,64,"(5, 5)",1,32,relu,0.4,32,50,0.1,softmax,0.3424657583236694
2,64,"(5, 5)",1,64,relu,0.4,32,50,0.001,sigmoid,0.9840182662010192
2,64,"(5, 5)",1,64,relu,0.4,32,50,0.001,softmax,0.978310525417328
2,64,"(5, 5)",1,64,relu,0.4,32,50,0.01,sigmoid,0.3253424763679504
2,64,"(5, 5)",1,64,relu,0.4,32,50,0.01,softmax,0.3321917951107025
2,64,"(5, 5)",1,64,relu,0.4,32,50,0.1,sigmoid,0.3424657583236694
2,64,"(5, 5)",1,64,relu,0.4,32,50,0.1,softmax,0.3424657583236694
2,64,"(5, 5)",1,128,relu,0.4,32,50,0.001,sigmoid,0.990867555141449
2,64,"(5, 5)",1,128,relu,0.4,32,50,0.001,softmax,0.9817351698875428
2,64,"(5, 5)",1,128,relu,0.4,32,50,0.01,sigmoid,0.3424657583236694
2,64,"(5, 5)",1,128,relu,0.4,32,50,0.01,softmax,0.3424657583236694
2,64,"(5, 5)",1,128,relu,0.4,32,50,0.1,sigmoid,0.3424657583236694
2,64,"(5, 5)",1,128,relu,0.4,32,50,0.1,softmax,0.3321917951107025
2,64,"(5, 5)",1,256,relu,0.4,32,50,0.001,sigmoid,0.9703196287155152
2,64,"(5, 5)",1,256,relu,0.4,32,50,0.001,softmax,0.9885844588279724
2,64,"(5, 5)",1,256,relu,0.4,32,50,0.01,sigmoid,0.3424657583236694
2,64,"(5, 5)",1,256,relu,0.4,32,50,0.01,softmax,0.3424657583236694
2,64,"(5, 5)",1,256,relu,0.4,32,50,0.1,sigmoid,0.3321917951107025
2,64,"(5, 5)",1,256,relu,0.4,32,50,0.1,softmax,0.3321917951107025
2,64,"(5, 5)",1,512,relu,0.4,32,50,0.001,sigmoid,0.9623287916183472
2,64,"(5, 5)",1,512,relu,0.4,32,50,0.001,softmax,0.982876718044281
2,64,"(5, 5)",1,512,relu,0.4,32,50,0.01,sigmoid,0.3424657583236694
2,64,"(5, 5)",1,512,relu,0.4,32,50,0.01,softmax,0.3424657583236694
2,64,"(5, 5)",1,512,relu,0.4,32,50,0.1,sigmoid,0.3253424763679504
2,64,"(5, 5)",1,512,relu,0.4,32,50,0.1,softmax,0.3424657583236694
2,64,"(5, 5)",2,32,relu,0.4,32,50,0.001,sigmoid,0.9726027250289916
2,64,"(5, 5)",2,32,relu,0.4,32,50,0.001,softmax,0.9771689772605896
2,64,"(5, 5)",2,32,relu,0.4,32,50,0.01,sigmoid,0.3424657583236694
2,64,"(5, 5)",2,32,relu,0.4,32,50,0.01,softmax,0.3321917951107025
2,64,"(5, 5)",2,32,relu,0.4,32,50,0.1,sigmoid,0.3253424763679504
2,64,"(5, 5)",2,32,relu,0.4,32,50,0.1,softmax,0.3253424763679504
2,64,"(5, 5)",2,64,relu,0.4,32,50,0.001,sigmoid,0.9805936217308044
2,64,"(5, 5)",2,64,relu,0.4,32,50,0.001,softmax,0.982876718044281
2,64,"(5, 5)",2,64,relu,0.4,32,50,0.01,sigmoid,0.3424657583236694
2,64,"(5, 5)",2,64,relu,0.4,32,50,0.01,softmax,0.3424657583236694
2,64,"(5, 5)",2,64,relu,0.4,32,50,0.1,sigmoid,0.3424657583236694
2,64,"(5, 5)",2,64,relu,0.4,32,50,0.1,softmax,0.3321917951107025
2,64,"(5, 5)",2,128,relu,0.4,32,50,0.001,sigmoid,0.9794520735740662
2,64,"(5, 5)",2,128,relu,0.4,32,50,0.001,softmax,0.9771689772605896
2,64,"(5, 5)",2,128,relu,0.4,32,50,0.01,sigmoid,0.3253424763679504
2,64,"(5, 5)",2,128,relu,0.4,32,50,0.01,softmax,0.3424657583236694
2,64,"(5, 5)",2,128,relu,0.4,32,50,0.1,sigmoid,0.3424657583236694
2,64,"(5, 5)",2,128,relu,0.4,32,50,0.1,softmax,0.3424657583236694
2,64,"(5, 5)",2,256,relu,0.4,32,50,0.001,sigmoid,0.9646118879318236
2,64,"(5, 5)",2,256,relu,0.4,32,50,0.001,softmax,0.8664383292198181
2,64,"(5, 5)",2,256,relu,0.4,32,50,0.01,sigmoid,0.3424657583236694
2,64,"(5, 5)",2,256,relu,0.4,32,50,0.01,softmax,0.3424657583236694
2,64,"(5, 5)",2,256,relu,0.4,32,50,0.1,sigmoid,0.3424657583236694
2,64,"(5, 5)",2,256,relu,0.4,32,50,0.1,softmax,0.3424657583236694
2,64,"(5, 5)",2,512,relu,0.4,32,50,0.001,sigmoid,0.982876718044281
2,64,"(5, 5)",2,512,relu,0.4,32,50,0.001,softmax,0.9703196287155152
2,64,"(5, 5)",2,512,relu,0.4,32,50,0.01,sigmoid,0.3424657583236694
2,64,"(5, 5)",2,512,relu,0.4,32,50,0.01,softmax,0.3424657583236694
2,64,"(5, 5)",2,512,relu,0.4,32,50,0.1,sigmoid,0.3253424763679504
2,64,"(5, 5)",2,512,relu,0.4,32,50,0.1,softmax,0.3253424763679504
2,64,"(5, 5)",3,32,relu,0.4,32,50,0.001,sigmoid,0.9668949842453004
2,64,"(5, 5)",3,32,relu,0.4,32,50,0.001,softmax,0.3424657583236694
2,64,"(5, 5)",3,32,relu,0.4,32,50,0.01,sigmoid,0.3424657583236694
2,64,"(5, 5)",3,32,relu,0.4,32,50,0.01,softmax,0.3424657583236694
2,64,"(5, 5)",3,32,relu,0.4,32,50,0.1,sigmoid,0.3424657583236694
2,64,"(5, 5)",3,32,relu,0.4,32,50,0.1,softmax,0.3253424763679504
2,64,"(5, 5)",3,64,relu,0.4,32,50,0.001,sigmoid,0.9668949842453004
2,64,"(5, 5)",3,64,relu,0.4,32,50,0.001,softmax,0.9634703397750854
2,64,"(5, 5)",3,64,relu,0.4,32,50,0.01,sigmoid,0.3424657583236694
2,64,"(5, 5)",3,64,relu,0.4,32,50,0.01,softmax,0.3321917951107025
2,64,"(5, 5)",3,64,relu,0.4,32,50,0.1,sigmoid,0.3424657583236694
2,64,"(5, 5)",3,64,relu,0.4,32,50,0.1,softmax,0.3253424763679504
2,64,"(5, 5)",3,128,relu,0.4,32,50,0.001,sigmoid,0.9794520735740662
2,64,"(5, 5)",3,128,relu,0.4,32,50,0.001,softmax,0.9771689772605896
2,64,"(5, 5)",3,128,relu,0.4,32,50,0.01,sigmoid,0.3424657583236694
2,64,"(5, 5)",3,128,relu,0.4,32,50,0.01,softmax,0.3424657583236694
2,64,"(5, 5)",3,128,relu,0.4,32,50,0.1,sigmoid,0.3424657583236694
2,64,"(5, 5)",3,128,relu,0.4,32,50,0.1,softmax,0.3424657583236694
2,64,"(5, 5)",3,256,relu,0.4,32,50,0.001,sigmoid,0.982876718044281
2,64,"(5, 5)",3,256,relu,0.4,32,50,0.001,softmax,0.9611872434616088
2,64,"(5, 5)",3,256,relu,0.4,32,50,0.01,softmax,0.3253424763679504
3,32,"(3, 3)",1,32,relu,0.4,32,50,0.001,sigmoid,0.987442910671234
3,32,"(3, 3)",1,32,relu,0.4,32,50,0.001,softmax,0.965753436088562
3,32,"(3, 3)",1,32,relu,0.4,32,50,0.01,sigmoid,0.3424657583236694
3,32,"(3, 3)",1,32,relu,0.4,32,50,0.01,softmax,0.3424657583236694
3,32,"(3, 3)",1,32,relu,0.4,32,50,0.1,sigmoid,0.3321917951107025
3,32,"(3, 3)",1,32,relu,0.4,32,50,0.1,softmax,0.3424657583236694
3,32,"(3, 3)",1,64,relu,0.4,32,50,0.001,sigmoid,0.9897260069847108
3,32,"(3, 3)",1,64,relu,0.4,32,50,0.001,softmax,0.9817351698875428
3,32,"(3, 3)",1,64,relu,0.4,32,50,0.01,sigmoid,0.3321917951107025
3,32,"(3, 3)",1,64,relu,0.4,32,50,0.01,softmax,0.3321917951107025
3,32,"(3, 3)",1,64,relu,0.4,32,50,0.1,sigmoid,0.3321917951107025
3,32,"(3, 3)",1,64,relu,0.4,32,50,0.1,softmax,0.3424657583236694
3,32,"(3, 3)",1,128,relu,0.4,32,50,0.001,sigmoid,0.9337899684906006
3,32,"(3, 3)",1,128,relu,0.4,32,50,0.001,softmax,0.9840182662010192
3,32,"(3, 3)",1,128,relu,0.4,32,50,0.01,sigmoid,0.3321917951107025
3,32,"(3, 3)",1,128,relu,0.4,32,50,0.01,softmax,0.3424657583236694
3,32,"(3, 3)",1,128,relu,0.4,32,50,0.1,sigmoid,0.3424657583236694
3,32,"(3, 3)",1,128,relu,0.4,32,50,0.1,softmax,0.3424657583236694
3,32,"(3, 3)",1,256,relu,0.4,32,50,0.001,sigmoid,0.990867555141449
3,32,"(3, 3)",1,256,relu,0.4,32,50,0.001,softmax,0.990867555141449
3,32,"(3, 3)",1,256,relu,0.4,32,50,0.01,sigmoid,0.3424657583236694
3,32,"(3, 3)",1,256,relu,0.4,32,50,0.01,softmax,0.3253424763679504
3,32,"(3, 3)",1,256,relu,0.4,32,50,0.1,sigmoid,0.3321917951107025
3,32,"(3, 3)",1,256,relu,0.4,32,50,0.1,softmax,0.3253424763679504
3,32,"(3, 3)",1,512,relu,0.4,32,50,0.001,sigmoid,0.9942922592163086
3,32,"(3, 3)",1,512,relu,0.4,32,50,0.001,softmax,0.9863013625144958
3,32,"(3, 3)",1,512,relu,0.4,32,50,0.01,sigmoid,0.3321917951107025
3,32,"(3, 3)",1,512,relu,0.4,32,50,0.01,softmax,0.3424657583236694
3,32,"(3, 3)",1,512,relu,0.4,32,50,0.1,sigmoid,0.3321917951107025
3,32,"(3, 3)",1,512,relu,0.4,32,50,0.1,softmax,0.3253424763679504
3,32,"(3, 3)",2,32,relu,0.4,32,50,0.001,sigmoid,0.9931507110595704
3,32,"(3, 3)",2,32,relu,0.4,32,50,0.001,softmax,0.9885844588279724
3,32,"(3, 3)",2,32,relu,0.4,32,50,0.01,sigmoid,0.3424657583236694
3,32,"(3, 3)",2,32,relu,0.4,32,50,0.01,softmax,0.3321917951107025
3,32,"(3, 3)",2,32,relu,0.4,32,50,0.1,sigmoid,0.3321917951107025
3,32,"(3, 3)",2,32,relu,0.4,32,50,0.1,softmax,0.3424657583236694
3,32,"(3, 3)",2,64,relu,0.4,32,50,0.001,sigmoid,0.9863013625144958
3,32,"(3, 3)",2,64,relu,0.4,32,50,0.001,softmax,0.9303653240203856
3,32,"(3, 3)",2,64,relu,0.4,32,50,0.01,sigmoid,0.3321917951107025
3,32,"(3, 3)",2,64,relu,0.4,32,50,0.01,softmax,0.3424657583236694
3,32,"(3, 3)",2,64,relu,0.4,32,50,0.1,sigmoid,0.3424657583236694
3,32,"(3, 3)",2,64,relu,0.4,32,50,0.1,softmax,0.3321917951107025
3,32,"(3, 3)",2,128,relu,0.4,32,50,0.001,sigmoid,0.9840182662010192
3,32,"(3, 3)",2,128,relu,0.4,32,50,0.001,softmax,0.9805936217308044
3,32,"(3, 3)",2,128,relu,0.4,32,50,0.01,sigmoid,0.3424657583236694
3,32,"(3, 3)",2,128,relu,0.4,32,50,0.01,softmax,0.3424657583236694
3,32,"(3, 3)",2,128,relu,0.4,32,50,0.1,sigmoid,0.3253424763679504
3,32,"(3, 3)",2,128,relu,0.4,32,50,0.1,softmax,0.3253424763679504
3,32,"(3, 3)",2,256,relu,0.4,32,50,0.001,sigmoid,0.9668949842453004
3,32,"(3, 3)",2,256,relu,0.4,32,50,0.001,softmax,0.9691780805587769
3,32,"(3, 3)",2,256,relu,0.4,32,50,0.01,sigmoid,0.3424657583236694
3,32,"(3, 3)",2,256,relu,0.4,32,50,0.01,softmax,0.3424657583236694
3,32,"(3, 3)",2,256,relu,0.4,32,50,0.1,sigmoid,0.3321917951107025
3,32,"(3, 3)",2,256,relu,0.4,32,50,0.1,softmax,0.3424657583236694
3,32,"(3, 3)",2,512,relu,0.4,32,50,0.001,sigmoid,0.8744292259216309
3,32,"(3, 3)",2,512,relu,0.4,32,50,0.001,softmax,0.9703196287155152
3,32,"(3, 3)",2,512,relu,0.4,32,50,0.01,sigmoid,0.4235159754753113
3,32,"(3, 3)",2,512,relu,0.4,32,50,0.01,softmax,0.3424657583236694
3,32,"(3, 3)",2,512,relu,0.4,32,50,0.1,sigmoid,0.3424657583236694
3,32,"(3, 3)",2,512,relu,0.4,32,50,0.1,softmax,0.3424657583236694
3,32,"(3, 3)",3,32,relu,0.4,32,50,0.001,sigmoid,0.9691780805587769
3,32,"(3, 3)",3,32,relu,0.4,32,50,0.001,softmax,0.982876718044281
3,32,"(3, 3)",3,32,relu,0.4,32,50,0.01,sigmoid,0.3424657583236694
3,32,"(3, 3)",3,32,relu,0.4,32,50,0.01,softmax,0.3424657583236694
3,32,"(3, 3)",3,32,relu,0.4,32,50,0.1,sigmoid,0.3321917951107025
3,32,"(3, 3)",3,32,relu,0.4,32,50,0.1,softmax,0.3424657583236694
3,32,"(3, 3)",3,64,relu,0.4,32,50,0.001,sigmoid,0.9840182662010192
3,32,"(3, 3)",3,64,relu,0.4,32,50,0.001,softmax,0.9748858213424684
3,32,"(3, 3)",3,64,relu,0.4,32,50,0.01,sigmoid,0.3424657583236694
3,32,"(3, 3)",3,64,relu,0.4,32,50,0.01,softmax,0.3321917951107025
3,32,"(3, 3)",3,64,relu,0.4,32,50,0.1,sigmoid,0.3321917951107025
3,32,"(3, 3)",3,64,relu,0.4,32,50,0.1,softmax,0.3321917951107025
3,32,"(3, 3)",3,128,relu,0.4,32,50,0.001,sigmoid,0.9509132504463196
3,32,"(3, 3)",3,128,relu,0.4,32,50,0.001,softmax,0.987442910671234
3,32,"(3, 3)",3,128,relu,0.4,32,50,0.01,sigmoid,0.3424657583236694
3,32,"(3, 3)",3,128,relu,0.4,32,50,0.01,softmax,0.3424657583236694
3,32,"(3, 3)",3,128,relu,0.4,32,50,0.1,sigmoid,0.3424657583236694
3,32,"(3, 3)",3,128,relu,0.4,32,50,0.1,softmax,0.3424657583236694
3,32,"(3, 3)",3,256,relu,0.4,32,50,0.001,sigmoid,0.9166666865348816
3,32,"(3, 3)",3,256,relu,0.4,32,50,0.001,softmax,0.9668949842453004
3,32,"(3, 3)",3,256,relu,0.4,32,50,0.01,sigmoid,0.3253424763679504
3,32,"(3, 3)",3,256,relu,0.4,32,50,0.01,softmax,0.3424657583236694
3,32,"(3, 3)",3,256,relu,0.4,32,50,0.1,sigmoid,0.3424657583236694
3,32,"(3, 3)",3,256,relu,0.4,32,50,0.1,softmax,0.3321917951107025
3,32,"(3, 3)",3,512,relu,0.4,32,50,0.001,sigmoid,0.9383561611175536
3,32,"(3, 3)",3,512,relu,0.4,32,50,0.001,softmax,0.97374427318573
3,32,"(3, 3)",3,512,relu,0.4,32,50,0.01,sigmoid,0.3321917951107025
3,32,"(3, 3)",3,512,relu,0.4,32,50,0.01,softmax,0.3253424763679504
3,32,"(3, 3)",3,512,relu,0.4,32,50,0.1,sigmoid,0.3424657583236694
3,32,"(3, 3)",3,512,relu,0.4,32,50,0.1,softmax,0.3253424763679504
3,32,"(5, 5)",1,32,relu,0.4,32,50,0.001,sigmoid,0.990867555141449
3,32,"(5, 5)",1,32,relu,0.4,32,50,0.001,softmax,0.9920091032981871
3,32,"(5, 5)",1,32,relu,0.4,32,50,0.01,sigmoid,0.3321917951107025
3,32,"(5, 5)",1,32,relu,0.4,32,50,0.01,softmax,0.3321917951107025
3,32,"(5, 5)",1,32,relu,0.4,32,50,0.1,sigmoid,0.3424657583236694
3,32,"(5, 5)",1,32,relu,0.4,32,50,0.1,softmax,0.3253424763679504
3,32,"(5, 5)",1,32,sigmoid,0.4,32,50,0.001,sigmoid,0.931506872177124
3,32,"(5, 5)",1,32,sigmoid,0.4,32,50,0.001,softmax,0.9109588861465454
3,32,"(5, 5)",1,32,sigmoid,0.4,32,50,0.01,sigmoid,0.3321917951107025
3,32,"(5, 5)",1,32,sigmoid,0.4,32,50,0.01,softmax,0.3321917951107025
3,32,"(5, 5)",1,32,sigmoid,0.4,32,50,0.1,sigmoid,0.3321917951107025
3,32,"(5, 5)",1,32,sigmoid,0.4,32,50,0.1,softmax,0.3253424763679504
3,32,"(5, 5)",1,32,tanh,0.4,32,50,0.001,sigmoid,0.801369845867157
3,32,"(5, 5)",1,32,tanh,0.4,32,50,0.001,softmax,0.8573059439659119
3,32,"(5, 5)",1,32,tanh,0.4,32,50,0.01,sigmoid,0.3424657583236694
3,32,"(5, 5)",1,32,tanh,0.4,32,50,0.01,softmax,0.3321917951107025
3,32,"(5, 5)",1,32,tanh,0.4,32,50,0.1,sigmoid,0.3424657583236694
3,32,"(5, 5)",1,32,tanh,0.4,32,50,0.1,softmax,0.3321917951107025
3,32,"(5, 5)",1,64,relu,0.4,32,50,0.001,sigmoid,0.9748858213424684
3,32,"(5, 5)",1,64,relu,0.4,32,50,0.001,softmax,0.9920091032981871
3,32,"(5, 5)",1,64,relu,0.4,32,50,0.01,sigmoid,0.3424657583236694
3,32,"(5, 5)",1,64,relu,0.4,32,50,0.01,softmax,0.3424657583236694
3,32,"(5, 5)",1,64,relu,0.4,32,50,0.1,sigmoid,0.3321917951107025
3,32,"(5, 5)",1,64,relu,0.4,32,50,0.1,softmax,0.3253424763679504
3,32,"(5, 5)",1,64,sigmoid,0.4,32,50,0.001,sigmoid,0.7545661926269531
3,32,"(5, 5)",1,64,sigmoid,0.4,32,50,0.001,softmax,0.9554794430732728
3,32,"(5, 5)",1,64,sigmoid,0.4,32,50,0.01,sigmoid,0.3253424763679504
3,32,"(5, 5)",1,64,sigmoid,0.4,32,50,0.01,softmax,0.3321917951107025
3,32,"(5, 5)",1,64,sigmoid,0.4,32,50,0.1,sigmoid,0.3253424763679504
3,32,"(5, 5)",1,64,sigmoid,0.4,32,50,0.1,softmax,0.3321917951107025
3,32,"(5, 5)",1,64,tanh,0.4,32,50,0.001,sigmoid,0.7385844588279724
3,32,"(5, 5)",1,64,tanh,0.4,32,50,0.001,softmax,0.9337899684906006
3,32,"(5, 5)",1,128,relu,0.4,32,50,0.001,sigmoid,0.7831050157546997
3,32,"(5, 5)",1,128,relu,0.4,32,50,0.001,softmax,0.9931507110595704
3,32,"(5, 5)",1,128,relu,0.4,32,50,0.01,sigmoid,0.3321917951107025
3,32,"(5, 5)",1,128,relu,0.4,32,50,0.01,softmax,0.3424657583236694
3,32,"(5, 5)",1,128,relu,0.4,32,50,0.1,sigmoid,0.3321917951107025
3,32,"(5, 5)",1,128,relu,0.4,32,50,0.1,softmax,0.3321917951107025
3,32,"(5, 5)",1,128,sigmoid,0.4,32,50,0.001,sigmoid,0.9611872434616088
3,32,"(5, 5)",1,128,sigmoid,0.4,32,50,0.001,softmax,0.9383561611175536
3,32,"(5, 5)",1,256,relu,0.4,32,50,0.001,sigmoid,0.990867555141449
3,32,"(5, 5)",1,256,relu,0.4,32,50,0.001,softmax,0.9851598143577576
3,32,"(5, 5)",1,256,relu,0.4,32,50,0.01,sigmoid,0.3424657583236694
3,32,"(5, 5)",1,256,relu,0.4,32,50,0.01,softmax,0.3424657583236694
3,32,"(5, 5)",1,256,relu,0.4,32,50,0.1,sigmoid,0.3321917951107025
3,32,"(5, 5)",1,256,relu,0.4,32,50,0.1,softmax,0.3424657583236694
3,32,"(5, 5)",1,512,relu,0.4,32,50,0.001,sigmoid,0.9817351698875428
3,32,"(5, 5)",1,512,relu,0.4,32,50,0.001,softmax,0.9851598143577576
3,32,"(5, 5)",1,512,relu,0.4,32,50,0.01,sigmoid,0.3424657583236694
3,32,"(5, 5)",1,512,relu,0.4,32,50,0.01,softmax,0.3253424763679504
3,32,"(5, 5)",1,512,relu,0.4,32,50,0.1,sigmoid,0.3253424763679504
3,32,"(5, 5)",1,512,relu,0.4,32,50,0.1,softmax,0.3424657583236694
3,32,"(5, 5)",2,32,relu,0.4,32,50,0.001,sigmoid,0.990867555141449
3,32,"(5, 5)",2,32,relu,0.4,32,50,0.001,softmax,0.9931507110595704
3,32,"(5, 5)",2,32,relu,0.4,32,50,0.01,sigmoid,0.3424657583236694
3,32,"(5, 5)",2,32,relu,0.4,32,50,0.01,softmax,0.3424657583236694
3,32,"(5, 5)",2,32,relu,0.4,32,50,0.1,sigmoid,0.3424657583236694
3,32,"(5, 5)",2,32,relu,0.4,32,50,0.1,softmax,0.3253424763679504
3,32,"(5, 5)",2,64,relu,0.4,32,50,0.001,sigmoid,0.9931507110595704
3,32,"(5, 5)",2,64,relu,0.4,32,50,0.001,softmax,0.9805936217308044
3,32,"(5, 5)",2,64,relu,0.4,32,50,0.01,sigmoid,0.3424657583236694
3,32,"(5, 5)",2,64,relu,0.4,32,50,0.01,softmax,0.3424657583236694
3,32,"(5, 5)",2,64,relu,0.4,32,50,0.1,sigmoid,0.3253424763679504
3,32,"(5, 5)",2,64,relu,0.4,32,50,0.1,softmax,0.3253424763679504
3,32,"(5, 5)",2,128,relu,0.4,32,50,0.001,sigmoid,0.9668949842453004
3,32,"(5, 5)",2,128,relu,0.4,32,50,0.001,softmax,0.9041095972061156
3,32,"(5, 5)",2,128,relu,0.4,32,50,0.01,sigmoid,0.3424657583236694
3,32,"(5, 5)",2,128,relu,0.4,32,50,0.01,softmax,0.3253424763679504
3,32,"(5, 5)",2,128,relu,0.4,32,50,0.1,sigmoid,0.3424657583236694
3,32,"(5, 5)",2,128,relu,0.4,32,50,0.1,softmax,0.3321917951107025
3,32,"(5, 5)",2,256,relu,0.4,32,50,0.001,sigmoid,0.9771689772605896
3,32,"(5, 5)",2,256,relu,0.4,32,50,0.001,softmax,0.9703196287155152
3,32,"(5, 5)",2,256,relu,0.4,32,50,0.01,sigmoid,0.3424657583236694
3,32,"(5, 5)",2,256,relu,0.4,32,50,0.01,softmax,0.3424657583236694
3,32,"(5, 5)",2,256,relu,0.4,32,50,0.1,sigmoid,0.3424657583236694
3,32,"(5, 5)",2,256,relu,0.4,32,50,0.1,softmax,0.3253424763679504
3,32,"(5, 5)",2,512,relu,0.4,32,50,0.001,sigmoid,0.9885844588279724
3,32,"(5, 5)",2,512,relu,0.4,32,50,0.001,softmax,0.9646118879318236
3,32,"(5, 5)",2,512,relu,0.4,32,50,0.01,sigmoid,0.3253424763679504
3,32,"(5, 5)",2,512,relu,0.4,32,50,0.01,softmax,0.3424657583236694
3,32,"(5, 5)",2,512,relu,0.4,32,50,0.1,sigmoid,0.3321917951107025
3,32,"(5, 5)",2,512,relu,0.4,32,50,0.1,softmax,0.3321917951107025
3,32,"(5, 5)",3,32,relu,0.4,32,50,0.001,sigmoid,0.9954338073730468
3,32,"(5, 5)",3,32,relu,0.4,32,50,0.001,softmax,0.987442910671234
3,32,"(5, 5)",3,32,relu,0.4,32,50,0.01,sigmoid,0.3424657583236694
3,32,"(5, 5)",3,32,relu,0.4,32,50,0.01,softmax,0.3424657583236694
3,32,"(5, 5)",3,32,relu,0.4,32,50,0.1,sigmoid,0.3424657583236694
3,32,"(5, 5)",3,32,relu,0.4,32,50,0.1,softmax,0.3424657583236694
3,32,"(5, 5)",3,64,relu,0.4,32,50,0.001,sigmoid,0.91780823469162
3,32,"(5, 5)",3,64,relu,0.4,32,50,0.001,softmax,0.9931507110595704
3,32,"(5, 5)",3,64,relu,0.4,32,50,0.01,sigmoid,0.3424657583236694
3,32,"(5, 5)",3,64,relu,0.4,32,50,0.01,softmax,0.3424657583236694
3,32,"(5, 5)",3,64,relu,0.4,32,50,0.1,sigmoid,0.3321917951107025
3,32,"(5, 5)",3,64,relu,0.4,32,50,0.1,softmax,0.3253424763679504
3,32,"(5, 5)",3,128,relu,0.4,32,50,0.001,sigmoid,0.926940619945526
3,32,"(5, 5)",3,128,relu,0.4,32,50,0.001,softmax,0.965753436088562
3,32,"(5, 5)",3,128,relu,0.4,32,50,0.01,sigmoid,0.3424657583236694
3,32,"(5, 5)",3,128,relu,0.4,32,50,0.01,softmax,0.3321917951107025
3,32,"(5, 5)",3,128,relu,0.4,32,50,0.1,sigmoid,0.3424657583236694
3,32,"(5, 5)",3,128,relu,0.4,32,50,0.1,softmax,0.3253424763679504
3,32,"(5, 5)",3,256,relu,0.4,32,50,0.001,sigmoid,0.9429223537445068
3,32,"(5, 5)",3,256,relu,0.4,32,50,0.001,softmax,0.9703196287155152
3,32,"(5, 5)",3,256,relu,0.4,32,50,0.01,sigmoid,0.3424657583236694
3,32,"(5, 5)",3,256,relu,0.4,32,50,0.01,softmax,0.3321917951107025
3,32,"(5, 5)",3,256,relu,0.4,32,50,0.1,sigmoid,0.3424657583236694
3,32,"(5, 5)",3,256,relu,0.4,32,50,0.1,softmax,0.3253424763679504
3,32,"(5, 5)",3,512,relu,0.4,32,50,0.001,sigmoid,0.9885844588279724
3,32,"(5, 5)",3,512,relu,0.4,32,50,0.001,softmax,0.952054798603058
3,32,"(5, 5)",3,512,relu,0.4,32,50,0.01,sigmoid,0.3321917951107025
3,32,"(5, 5)",3,512,relu,0.4,32,50,0.01,softmax,0.3321917951107025
3,32,"(5, 5)",3,512,relu,0.4,32,50,0.1,sigmoid,0.3321917951107025
3,32,"(5, 5)",3,512,relu,0.4,32,50,0.1,softmax,0.3253424763679504
3,64,"(5, 5)",1,32,relu,0.4,32,50,0.001,sigmoid,0.9931507110595704
3,64,"(5, 5)",1,32,relu,0.4,32,50,0.001,softmax,0.9931507110595704
3,64,"(5, 5)",1,32,relu,0.4,32,50,0.01,sigmoid,0.3424657583236694
3,64,"(5, 5)",1,32,relu,0.4,32,50,0.01,softmax,0.3321917951107025
3,64,"(5, 5)",1,32,relu,0.4,32,50,0.1,sigmoid,0.3424657583236694
3,64,"(5, 5)",1,32,relu,0.4,32,50,0.1,softmax,0.3424657583236694
3,64,"(5, 5)",1,64,relu,0.4,32,50,0.001,sigmoid,0.9920091032981871
3,64,"(5, 5)",1,64,relu,0.4,32,50,0.001,softmax,0.9942922592163086
3,64,"(5, 5)",1,64,relu,0.4,32,50,0.01,sigmoid,0.3253424763679504
3,64,"(5, 5)",1,64,relu,0.4,32,50,0.01,softmax,0.3424657583236694
3,64,"(5, 5)",1,64,relu,0.4,32,50,0.1,sigmoid,0.3424657583236694
3,64,"(5, 5)",1,64,relu,0.4,32,50,0.1,softmax,0.3321917951107025
3,64,"(5, 5)",1,128,relu,0.4,32,50,0.001,sigmoid,0.9885844588279724
3,64,"(5, 5)",1,128,relu,0.4,32,50,0.001,softmax,0.9885844588279724
3,64,"(5, 5)",1,128,relu,0.4,32,50,0.01,sigmoid,0.3321917951107025
3,64,"(5, 5)",1,128,relu,0.4,32,50,0.01,softmax,0.3321917951107025
3,64,"(5, 5)",1,128,relu,0.4,32,50,0.1,sigmoid,0.3424657583236694
3,64,"(5, 5)",1,128,relu,0.4,32,50,0.1,softmax,0.3321917951107025
3,64,"(5, 5)",1,256,relu,0.4,32,50,0.001,sigmoid,0.9897260069847108
3,64,"(5, 5)",1,256,relu,0.4,32,50,0.001,softmax,0.990867555141449
3,64,"(5, 5)",1,256,relu,0.4,32,50,0.01,sigmoid,0.3321917951107025
3,64,"(5, 5)",1,256,relu,0.4,32,50,0.01,softmax,0.3424657583236694
3,64,"(5, 5)",1,256,relu,0.4,32,50,0.1,sigmoid,0.3321917951107025
3,64,"(5, 5)",1,256,relu,0.4,32,50,0.1,softmax,0.3424657583236694
3,64,"(5, 5)",1,512,relu,0.4,32,50,0.001,sigmoid,0.9942922592163086
3,64,"(5, 5)",1,512,relu,0.4,32,50,0.001,softmax,0.9863013625144958
3,64,"(5, 5)",1,512,relu,0.4,32,50,0.01,sigmoid,0.3424657583236694
3,64,"(5, 5)",1,512,relu,0.4,32,50,0.01,softmax,0.3424657583236694
3,64,"(5, 5)",1,512,relu,0.4,32,50,0.1,sigmoid,0.3424657583236694
3,64,"(5, 5)",1,512,relu,0.4,32,50,0.1,softmax,0.3253424763679504
3,64,"(5, 5)",2,32,relu,0.4,32,50,0.001,sigmoid,0.9897260069847108
3,64,"(5, 5)",2,32,relu,0.4,32,50,0.001,softmax,0.9805936217308044
3,64,"(5, 5)",2,32,relu,0.4,32,50,0.01,sigmoid,0.3321917951107025
3,64,"(5, 5)",2,32,relu,0.4,32,50,0.01,softmax,0.3321917951107025
3,64,"(5, 5)",2,32,relu,0.4,32,50,0.1,sigmoid,0.3424657583236694
3,64,"(5, 5)",2,32,relu,0.4,32,50,0.1,softmax,0.3424657583236694
3,64,"(5, 5)",2,64,relu,0.4,32,50,0.001,sigmoid,0.9942922592163086
3,64,"(5, 5)",2,64,relu,0.4,32,50,0.001,softmax,0.982876718044281
3,64,"(5, 5)",2,64,relu,0.4,32,50,0.01,sigmoid,0.3424657583236694
3,64,"(5, 5)",2,64,relu,0.4,32,50,0.01,softmax,0.3424657583236694
3,64,"(5, 5)",2,64,relu,0.4,32,50,0.1,sigmoid,0.3253424763679504
3,64,"(5, 5)",2,64,relu,0.4,32,50,0.1,softmax,0.3424657583236694
3,64,"(5, 5)",2,128,relu,0.4,32,50,0.001,sigmoid,0.948630154132843
3,64,"(5, 5)",2,128,relu,0.4,32,50,0.001,softmax,0.978310525417328
3,64,"(5, 5)",2,128,relu,0.4,32,50,0.01,sigmoid,0.3424657583236694
3,64,"(5, 5)",2,128,relu,0.4,32,50,0.01,softmax,0.3424657583236694
3,64,"(5, 5)",2,128,relu,0.4,32,50,0.1,sigmoid,0.3321917951107025
3,64,"(5, 5)",2,128,relu,0.4,32,50,0.1,softmax,0.3424657583236694
3,64,"(5, 5)",2,256,relu,0.4,32,50,0.001,sigmoid,0.97374427318573
3,64,"(5, 5)",2,256,relu,0.4,32,50,0.001,softmax,0.9840182662010192
3,64,"(5, 5)",2,256,relu,0.4,32,50,0.01,softmax,0.3424657583236694
